symbol,setup_date,entry_date,exit_date,entry,stop,avg_exit,shares,stop_pct,risk_amount,pnl,r_multiple,pnl_pct,holding_bars,exit_reason,mfe_pct,mae_pct,confluence,levels,rs_rank,adr20,partials
KAYNES,2024-09-04,2024-09-05,2024-09-05,5002.700099999999,4767.0,4764.6165,21,4.711457718602783,4949.702099999981,-5235.636295889975,-1.0577679605990824,-4.983629022455271,0,stop_same_day,0.9155036097406858,-5.051274210900613,3,"ema9,ema21,avwap",95.80573951434879,4.919830568241258,0
CHAMBLFERT,2024-09-04,2024-09-05,2024-09-05,537.2685,515.0,514.7425000000001,224,4.144761883490288,4988.144000000004,-5316.822033599993,-1.0658918494734693,-4.417867909620603,0,stop_same_day,0.13615166346063146,-4.731060912746605,3,"ema9,ema21,avwap",88.74172185430463,3.4520590011926777,0
MOTHERSON,2024-09-04,2024-09-05,2024-09-06,129.06449999999998,125.77,125.707115,1517,2.552599669157658,4997.756499999978,-5537.614865948234,-1.1080201418272897,-2.828331847448361,1,stop,1.0579981327166075,-3.203437041169323,4,"ema9,ema21,ema50,avwap",75.93818984547461,2.639493119040167,0
RKFORGE,2024-09-04,2024-09-05,2024-09-06,1000.449975,963.0,968.265625,133,3.743313102686618,4980.846674999999,-4581.633601020008,-0.9198503587786125,-3.4432879005269665,1,ema9_close,1.174474016054631,-3.5983783197155788,3,"ema9,avwap,swing_high",92.05298013245033,3.7391403831850063,0
GODIGIT,2024-09-05,2024-09-06,2024-09-10,395.1975,377.15,379.11035000000004,273,4.566703989777267,4926.967500000003,-4634.885899507484,-0.9407177740684267,-4.295979612092673,2,ema9_close,2.4171458574510236,-4.351621657525669,3,"ema9,avwap,swing_high",72.84768211920529,4.6319917813826175,0
NEULANDLAB,2024-09-05,2024-09-06,2024-09-10,12856.324949999998,12330.8,12324.6346,9,4.087676315306569,4729.724549999992,-5045.8360813424815,-1.0668350826778041,-4.360876499800186,2,stop,2.841986737430765,-5.718780077972426,3,"ema9,avwap,swing_high",99.11699779249447,4.050636287076557,0
CHOLAHLDNG,2024-09-05,2024-09-06,2024-10-04,1835.867475,1755.0,2011.6793800893442,61,4.4048645177942385,4932.915975000001,10454.62079856549,2.1193591886724743,9.335490090644567,19,ema9_close,17.380477041241747,-3.4979363093733156,2,"avwap,swing_high",94.26048565121413,4.504808849109501,1
INOXWIND,2024-09-05,2024-09-06,2024-09-09,221.360625,215.88,215.77206,900,2.4758807037159403,4932.562500000003,-5482.140828974979,-1.1114184217584624,-2.7517394241862014,1,stop,5.090957346185661,-4.368719595004762,2,"ema9,avwap",93.59823399558499,5.649540767284001,0
INOXWIND,2024-09-06,2024-09-09,2024-09-09,226.83336,217.02,216.91149000000001,498,4.326241960177281,4887.053279999995,-5195.223935594987,-1.0630585831458323,-4.59904864853211,0,stop_same_day,2.555461859754666,-6.675984520089991,2,"ema9,avwap",94.48123620309052,5.701663481404309,0
ATUL,2024-09-06,2024-09-09,2024-09-11,8004.0,7770.0,7857.819125,20,2.923538230884558,4680.0,-3288.439339874993,-0.7026579786057677,-2.0542474636900256,2,ema9_close,1.323713143428293,-2.2045227386306823,3,"ema9,ema21,avwap",84.98896247240619,2.4539000818608203,0
BERGEPAINT,2024-09-06,2024-09-09,2024-09-23,601.3004999999999,586.25,614.542575,324,2.5029914327362017,4876.361999999981,3837.409170255015,0.7869409962293673,1.9697065716309976,10,ema9_close,4.6897516300086295,-1.2723255676654128,2,"ema9,avwap",73.28918322295806,2.785656360771489,0
PATANJALI,2024-09-06,2024-09-09,2024-09-09,643.651665,630.03,629.714985,279,2.1163100696709933,3800.444535000002,-4296.893409652495,-1.1306291593208302,-2.3927618749343225,0,stop_same_day,0.052564922674445215,-2.756407846781537,1,ema9,89.40397350993378,3.0200117436674643,0
HFCL,2024-09-09,2024-09-10,2024-09-11,154.96744499999997,149.01,148.935495,803,3.844320334506373,4783.828334999983,-5124.295019942981,-1.0711703391302814,-4.117921916438628,1,stop,0.892158349774706,-5.62533956728781,3,"ema9,avwap,swing_high",96.24724061810154,4.941147297773195,0
PATANJALI,2024-09-09,2024-09-10,2024-09-11,644.311995,625.91,638.4106350000001,259,2.8560689763349907,4766.116705000015,-1910.5111753454842,-0.40085278930354645,-1.1448632156072058,1,ema9_close,0.6748291252904494,-1.7572224462467148,3,"ema9,ema21,avwap",88.52097130242825,3.0171796040322176,0
PTCIL,2024-09-09,2024-09-10,2024-09-18,14266.1295,13700.0,14241.525675000003,3,3.968346845582743,1698.3884999999973,-172.16288535374497,-0.10136837676052637,-0.4022648781594778,6,ema9_close,3.3917433596828204,-2.569929706582286,3,"ema9,ema21,avwap",81.45695364238411,4.370839263899906,0
SHRIRAMFIN,2024-09-09,2024-09-10,2024-10-03,665.91279,643.22,681.5590500000001,210,3.4077720597617516,4765.485899999989,2960.3001506400356,0.6211958681149476,2.1168939230015646,16,ema9_close,9.691540839754708,-2.9857948816390807,3,"ema9,avwap,swing_high",84.54746136865342,2.5114881855683935,0
GRANULES,2024-09-10,2024-09-11,2024-09-12,696.9983249999999,668.2,667.8659000000001,164,4.131763874755347,4722.925299999977,-5035.131092834965,-1.066104325815822,-4.404891340126218,1,stop,0.24414334137748994,-19.35418209218794,3,"ema9,ema21,avwap",92.93598233995584,2.9824847003537105,0
OFSS,2024-09-10,2024-09-11,2024-09-18,11455.524899999999,11030.0,11253.87025,11,3.714582297315757,4680.773899999984,-2505.4749986474935,-0.5352693918087994,-1.9883022071079381,5,ema9_close,10.15645385223685,-3.3195763906025633,3,"ema9,avwap,gap_base",86.31346578366445,2.7708345070846248,0
MPHASIS,2024-09-10,2024-09-11,2024-09-18,3115.707075,3009.3,3007.7953500000003,44,3.4151822504045772,4681.911299999983,-5057.965122704975,-1.080320578201683,-3.689491663421198,5,stop,2.3138543921045596,-4.516055958180857,3,"ema9,ema21,avwap",81.01545253863135,2.7742821950679986,0
JUBLFOOD,2024-09-10,2024-09-11,2024-09-26,671.6356499999999,644.05,687.55605,113,4.107234331590348,3117.1784499999985,1622.378238585014,0.5204637028672564,2.1376663887630336,11,ema9_close,6.523529535693953,-2.097215953322305,3,"ema9,ema21,avwap",78.80794701986756,2.332684647382033,0
ICICIPRULI,2024-09-11,2024-09-12,2024-09-16,759.5295749999999,741.7,749.52505,126,2.347449735581378,2246.526449999983,-1479.232165162485,-0.6584530376495217,-1.5456854091231251,2,ema9_close,0.687323465975652,-1.8405570316336792,3,"ema9,ema21,avwap",83.6644591611479,2.2632360676726924,0
SHYAMMETL,2024-09-13,2024-09-16,2024-09-27,879.4395,846.0,899.8498500000001,121,3.8023650290895454,4046.1794999999943,2222.064236947504,0.5491758922083183,2.0881672073519595,9,ema9_close,8.807939602439973,-3.3418444361437025,2,"avwap,swing_high",88.74172185430463,3.5831594489509166,0
PGEL,2024-09-17,2024-09-18,2024-10-01,624.312,594.1,631.733975,160,4.839247043145092,4833.919999999998,956.4035406000032,0.19785257939726011,0.9574575098268205,9,ema9_close,11.162367534181627,-4.430797421801927,2,"ema9,avwap",99.77924944812362,6.028909267651135,0
INOXWIND,2024-09-17,2024-09-18,2024-09-19,245.57272499999996,234.85,234.732575,274,4.366415284922204,2938.0266499999916,-3121.5453000299913,-1.0624632353249757,-4.63915571039087,1,stop,3.720802055684338,-7.481582085306897,2,"ema9,avwap",98.01324503311258,4.815425769290995,0
BIKAJI,2024-09-17,2024-09-18,2024-09-30,873.8367,841.95,928.4679443210525,152,3.649045639763117,4846.778399999986,7988.906284972689,1.6482920459026376,6.014692903157246,8,ema9_close,15.347638752183343,-1.3888979485526192,3,"ema9,ema21,avwap",72.62693156732892,3.8038997376836803,1
LTM,2024-09-18,2024-09-19,2024-09-23,6443.219999999999,6232.0,6322.936950000001,9,3.2781745773076096,1900.979999999994,-1214.6771744324838,-0.6389741998508598,-2.0946689775065606,2,ema9_close,2.0444746570814045,-2.429996182033193,3,"ema9,avwap,swing_high",83.44370860927152,2.1554198500632435,0
ICICIPRULI,2024-09-20,2024-09-23,2024-10-01,771.28545,755.0,766.8164,298,2.1114685879268134,4853.0640999999905,-1858.8844039949681,-0.38303314477032596,-0.808762453317367,6,ema9_close,3.308055402834327,-1.2687196419950624,3,"ema9,avwap,swing_high",84.76821192052981,2.097075205631826,0
TORNTPHARM,2024-09-20,2024-09-23,2024-09-25,3483.64095,3355.05,3426.3359750000004,19,3.691280239428802,2443.228049999996,-1239.7775208112475,-0.5074342204000357,-1.8730819105726113,2,ema9_close,1.0537552671724086,-1.9976499013194768,3,"ema9,ema21,avwap",77.92494481236203,2.281980920172866,0
IPCALAB,2024-09-24,2024-09-25,2024-10-03,1509.7545,1446.0,1470.1145749999998,45,4.22283887877135,2868.9525000000003,-1938.0048496312527,-0.6755095630308457,-2.852568045748501,5,ema9_close,0.668684875587382,-3.6267154693031216,3,"ema9,avwap,swing_high",89.62472406181016,2.432725882450072,0
BAJAJFINSV,2024-09-25,2024-09-26,2024-10-03,1940.9699999999998,1896.05,1912.4433000000001,37,2.3143067641436934,1662.0399999999943,-1219.4506359149927,-0.7337071526046286,-1.698023426173501,4,ema9_close,4.581729753679866,-2.2911224799970995,3,"ema9,avwap,swing_high",75.71743929359823,2.565200048290832,0
NUVAMA,2024-09-26,2024-09-27,2024-09-30,1381.2802949999998,1322.2,1351.174075,83,4.277212613099628,4903.664484999979,-2759.6290296164925,-0.5627687289899289,-2.4070815058937702,1,ema9_close,2.4267127476831316,-2.9161564923359578,3,"ema9,ema21,avwap",90.94922737306842,4.085327655074929,0
ALKEM,2024-09-27,2024-09-30,2024-09-30,6216.1065,6130.0,6126.935,37,1.385215970801013,3185.940499999995,-3824.541915824996,-1.2004436102384843,-1.662873660948375,0,stop_same_day,0.08917961749850598,-2.984287672677415,3,"ema9,ema21,avwap",81.89845474613686,2.272377047915687,0
DOMS,2024-09-27,2024-09-30,2024-10-01,2704.3014749999998,2610.0,2646.626025,1,3.4870918006654477,94.30147499999975,-63.829016624999724,-0.6768612752345591,-2.3602774030583897,1,ema9_close,0.3364464015610622,-2.6920620971077085,2,"ema9,ema21",88.30022075055187,4.055549119997015,0
FLUOROCHEM,2024-09-27,2024-09-30,2024-10-04,4336.517175,4172.0,4169.914000000001,3,3.7937627907584606,493.55152499999986,-529.156712553747,-1.072140771024357,-4.067447763567292,3,stop,2.616911692503564,-7.760079377524889,2,"ema9,avwap",90.72847682119205,4.994680727971455,0
COFORGE,2024-09-30,2024-10-01,2024-10-16,1406.5629299999998,1374.99,1449.052524475227,88,2.2446866277074298,2778.4178399999837,3450.09602982711,1.2417484440810855,2.7873361274053203,10,ema9_close,7.851555564598897,-1.1491082023610488,2,"ema9,avwap",86.31346578366445,2.7590171429847956,1
KIMS,2024-09-30,2024-10-01,2024-10-03,560.28,541.15,540.879425,251,3.414364246448204,4801.629999999999,-5187.393993026245,-1.0803402163486662,-3.6886750087010034,1,stop,1.02091811237239,-7.2428071678446315,2,"ema9,avwap",89.1832229580574,3.305102868556925,0
FORTIS,2024-09-30,2024-10-01,2024-10-03,619.1093999999999,592.5,592.20375,180,4.298012596804368,4789.691999999988,-5093.758822049993,-1.0634835855938138,-4.570865847376887,1,stop,1.5167917011113163,-4.790655738711095,2,"ema9,avwap",89.40397350993378,3.349906128162664,0
DOMS,2024-09-30,2024-10-01,2024-10-01,2714.7567,2640.25,2638.9298750000003,64,2.7445074543880823,4768.428799999994,-5246.948131919978,-1.1003515732309948,-3.0199230951801193,0,stop_same_day,0.0,-3.0668199474376436,2,"ema9,ema21",86.75496688741721,3.9657184111557298,0
AJANTPHARM,2024-10-01,2024-10-03,2024-10-14,3285.34185,3160.3,3256.121125,38,3.806052937839623,4751.590299999985,-1396.2494820074849,-0.29384887876538707,-1.1184043883058805,7,ema9_close,4.342261978003904,-3.3388260646300694,3,"ema9,ema21,avwap",94.7136563876652,4.29292652951767,0
ALKEM,2024-10-01,2024-10-03,2024-10-10,6172.2345749999995,6046.0,6134.03145,37,2.0452005423011568,4670.679274999981,-1937.1472443637208,-0.4147463634962879,-0.8482394875400409,5,ema9_close,3.2940326964161244,-1.640160848876997,3,"ema9,ema21,avwap",83.25991189427313,2.315763915487671,0
MCX,2024-10-01,2024-10-03,2024-10-04,1176.497955,1140.0,1139.43,91,3.1022540111427603,3321.3139050000045,-3615.545765490748,-1.0885889948697105,-3.3770795758204257,1,stop,1.610036372736407,-3.222951203514839,2,"ema9,avwap",95.81497797356829,3.321526761862583,0
MARICO,2024-10-01,2024-10-03,2024-10-04,699.799725,685.0,684.6575,321,2.114851502692426,4750.711724999989,-5371.726609608756,-1.130720388976826,-2.391305713752605,1,stop,2.8651447383749766,-2.2005903188944416,3,"ema9,ema21,avwap",70.04405286343612,2.3613326021627423,0
SHYAMMETL,2024-10-03,2024-10-04,2024-10-07,917.15835,876.15,875.7119250000001,113,4.471239890036443,4633.943550000007,-4916.429517236247,-1.060960165825982,-4.743807415180811,1,stop,1.0676073548259146,-6.068564932107961,3,"ema9,ema21,avwap",87.44493392070484,3.4745615716699474,0
DIVISLAB,2024-10-03,2024-10-04,2024-10-07,5496.446849999999,5241.7,5401.647825000001,18,4.634755087279696,4585.443299999992,-1931.9730097724755,-0.42132742318991906,-1.9527494180399225,1,ema9_close,0.4685417816784758,-2.1786229043586474,3,"ema9,ema21,avwap",80.39647577092511,2.4048373133755896,0
LALPATHLAB,2024-10-03,2024-10-04,2024-10-14,1732.295715,1682.48,1709.2449499999998,5,2.8757050293806192,249.07857499999977,-135.04268382374977,-0.5421690076063342,-1.5591181419478346,6,ema9_close,5.4658268897236155,-2.5841843636956554,2,"avwap,swing_high",83.48017621145375,2.09510485333966,0
TORNTPOWER,2024-10-03,2024-10-04,2024-10-04,1865.9325,1830.0,1829.085,127,1.9257127468437305,4563.427499999986,-5219.289805874978,-1.143721425589646,-2.2024789280962644,0,stop_same_day,1.825762721856236,-4.015820507976569,2,"ema9,ema21",86.78414096916299,3.837756413723884,0
CHOICEIN,2024-10-04,2024-10-07,2024-10-07,474.68722499999996,463.1,462.86845,394,2.4410231389732333,4565.366649999974,-5081.403826342467,-1.1130330192302291,-2.716939354382229,0,stop_same_day,0.0,-5.706331153108225,1,ema9,82.81938325991189,2.2262728709847135,0
NATIONALUM,2024-10-04,2024-10-07,2024-10-07,222.61124999999998,213.81,213.70309500000002,519,3.9536411569496073,4567.84874999999,-4883.7466618132285,-1.0691568239454599,-4.227062422384295,0,stop_same_day,0.10724974591356468,-4.762225628758651,1,avwap,73.568281938326,3.753112149212825,0
SAPPHIRE,2024-10-15,2024-10-16,2024-10-16,361.1805,354.15,353.972925,640,1.946533658378572,4499.520000000011,-5139.200920799998,-1.1421664801578801,-2.2232654970990953,0,stop_same_day,0.0,-1.9880641396753134,2,"ema9,ema21",74.28571428571429,4.71481708864597,0
BLUEJET,2024-10-15,2024-10-16,2024-10-18,528.113925,507.15,506.896425,214,3.969583835533217,4486.279950000004,-4795.261047134998,-1.0688724512466043,-4.242978804715287,2,stop,0.8778550953754922,-4.906881597564393,3,"ema9,ema21,avwap",86.5934065934066,4.183018544857421,0
SHYAMMETL,2024-10-15,2024-10-16,2024-10-18,922.410975,904.0,903.548,244,1.9959622661688308,4492.277900000002,-5114.929988385016,-1.1386049799779783,-2.2726125761079614,2,stop,1.7984418496321553,-4.402698591048306,2,"ema9,avwap",90.76923076923077,3.611898566956505,0
HCLTECH,2024-10-15,2024-10-16,2024-10-22,1883.6913749999999,1829.95,1828.8851,83,2.852981954116546,4460.5341249999865,-4903.286249538729,-1.0992598895404133,-3.136168627742947,4,stop_gap,0.2552766904291843,-3.407743744646055,3,"ema9,avwap,swing_high",82.19780219780219,2.266619499189224,0
APTUS,2024-10-16,2024-10-17,2024-10-18,384.041925,371.5,371.31425,354,3.2657697463629765,4439.841449999997,-4813.102448842506,-1.08407079465473,-3.5403256040990883,1,stop,2.0852085355003935,-3.395963865143102,2,"ema9,swing_high",77.36263736263737,4.228289223256014,0
HDFCLIFE,2024-10-17,2024-10-18,2024-10-22,731.8657499999999,715.95,727.8359,278,2.1746816270606857,4424.578499999969,-1586.9649175049658,-0.35867030441543235,-0.7799937211845038,2,ema9_close,3.2224830851833275,-1.6076377395717607,3,"ema9,ema21,avwap",71.86813186813187,2.283992078190699,0
BLUESTARCO,2024-10-17,2024-10-18,2024-10-18,2048.973975,1985.1,1984.10745,69,3.117363899168118,4407.304274999999,-4795.815236073754,-1.0881516085189638,-3.3921645412187367,0,stop_same_day,0.5381242092154986,-3.7567082812752606,3,"ema9,ema21,avwap",82.41758241758241,4.71572045254822,0
ECLERX,2024-10-17,2024-10-18,2024-10-18,1517.988615,1486.48,1485.73676,113,2.0756819049001867,3560.4734949999956,-4034.79372748125,-1.1332183017644553,-2.352200723274199,0,stop_same_day,0.16214779054848602,-3.356982687251578,1,ema21,84.61538461538461,4.187994996702817,0
IPCALAB,2024-10-17,2024-10-18,2024-10-21,1663.1811749999997,1628.85,1628.035575,129,2.0641873246310527,4428.721574999974,-5022.034404862467,-1.133969322707422,-2.3407251024531197,1,stop,0.6234332829073925,-3.5222365356558214,1,ema9,92.3076923076923,3.041377674351675,0
ANANTRAJ,2024-10-18,2024-10-21,2024-10-21,772.1358749999999,735.0,734.6325,116,4.809500011898805,4307.761499999993,-4551.394401224983,-1.0565567293419076,-5.081509602341668,0,stop_same_day,0.5457750554589995,-6.033377868888683,3,"ema9,avwap,swing_high",97.58241758241758,5.168009872774012,0
MFSL,2024-10-18,2024-10-21,2024-10-22,1206.4028999999998,1158.6,1169.864775,90,3.9624324510493065,4302.260999999991,-3534.3749543624795,-0.8215156993874817,-3.2552004662994243,1,ema9_close,0.4639494815538145,-3.5023871378293023,3,"ema9,ema21,avwap",78.68131868131869,2.7874149790148284,0
NTPC,2024-10-18,2024-10-21,2024-10-22,426.26302499999997,414.45,414.24277500000005,366,2.7712994811126257,4323.5671499999935,-4753.1803912199875,-1.099365460582703,-3.046670930465988,1,stop,0.5834367172709924,-3.0058964180625196,3,"ema9,ema21,ema50",75.82417582417582,2.386172415579549,0
HINDALCO,2024-10-18,2024-10-21,2024-10-22,760.38,725.05,724.687475,122,4.646361030011316,4310.260000000005,-4562.8430167424995,-1.0586004131403892,-4.918639705969383,1,stop,0.6667718772192917,-5.53407506772929,3,"ema9,ema21,avwap",71.42857142857143,2.7472067228845187,0
PERSISTENT,2024-11-29,2024-12-02,2024-12-20,5936.916974999999,5810.85,6387.469781079545,33,2.123441771728648,4160.210174999961,14400.532123231776,3.461491491408102,7.350275625339259,14,ema9_close,14.350596927456621,-1.4025288773724103,3,"ema9,avwap,swing_high",88.18380743982495,2.866525008434332,2
DEEPAKFERT,2024-11-29,2024-12-02,2024-12-11,1387.6934999999999,1326.25,1358.5204,68,4.4277428697331125,4178.15799999999,-2198.524726979984,-0.5261947315012953,-2.3298549704959894,7,ema9_close,3.9927044408581622,-3.2423226022172713,2,"ema9,swing_high",96.71772428884027,5.287924814809174,0
KAYNES,2024-11-29,2024-12-02,2024-12-26,6032.914949999999,5860.0,6946.683170874999,24,2.866192403391986,4149.958799999986,21572.200392863844,5.198172182544058,14.898961621131317,17,ema9_close,28.959218959319173,-0.6226666596716907,2,"ema9,avwap",94.74835886214443,4.3855817037076505,2
M&M,2024-11-29,2024-12-02,2024-12-17,2993.145825,2903.0,3039.9792500000003,46,3.0117418351977574,4146.707950000003,1835.1852335324966,0.4425643801446146,1.3328896584498993,11,ema9_close,4.0711071937165,-1.0439125531078983,4,"ema9,ema21,ema50,avwap",80.52516411378556,3.6650337954948995,0
TEJASNET,2024-12-02,2024-12-03,2024-12-10,1361.930625,1307.0,1319.3400000000001,1,4.033290976183164,54.930624999999964,-45.67408621874982,-0.8314867383859159,-3.3536279587478854,5,ema9_close,2.9934986593021193,-3.647808786148701,3,"ema9,ema21,avwap",70.24070021881839,4.514200477701399,0
PAGEIND,2024-12-02,2024-12-03,2024-12-26,46454.465625,44600.05,47059.808325,2,3.9918995946904605,3708.8312499999884,995.6025699150022,0.2684410540153331,1.071589734722088,16,ema9_close,7.309274424572621,-2.990488871865044,3,"ema9,ema21,avwap",80.96280087527352,2.664031228605288,0
TECHM,2024-12-02,2024-12-03,2024-12-17,1760.8799999999999,1705.9,1769.8646250000002,5,3.122302485121064,274.89999999999895,24.621343406251164,0.08956472683248912,0.27964816916827,10,ema9_close,2.6588978238153658,-1.3220662396074676,3,"ema9,ema21,avwap",78.7746170678337,2.4346404905464603,0
HCLTECH,2024-12-02,2024-12-03,2024-12-19,1884.942,1835.45,1933.2828749999999,85,2.625651081041218,4206.819999999997,3735.7428934687405,0.8880206173472465,2.3316322939246876,12,ema9_close,5.043019891328214,-0.6839467739590954,3,"ema9,ema21,avwap",78.99343544857767,2.192438165246995,0
RADICO,2024-12-09,2024-12-10,2025-01-06,2410.2045,2320.0,2513.692525,10,3.7426077330782443,902.0449999999983,978.255434212502,1.0844862886136544,4.0588067701827875,18,ema9_close,9.43884637174979,-1.3859612327501523,3,"ema9,ema21,avwap",90.17467248908298,3.284003289550783,0
SHYAMMETL,2024-12-10,2024-12-11,2024-12-12,872.4359999999999,846.7,846.2766500000001,113,2.9499011961908814,2908.167999999986,-3179.3532588674766,-1.0932495161446973,-3.224978055410345,1,stop,0.17926816408310506,-4.290973779165455,3,"ema9,avwap,swing_high",70.08733624454149,2.7895848079544847,0
ASTERDM,2024-12-11,2024-12-12,2024-12-12,492.34605,483.25,483.008375,245,1.8474912107043393,2228.532249999998,-2562.5364842437493,-1.1498763296980565,-2.1243864125141245,0,stop_same_day,0.07189049246967606,-1.877957586945192,1,ema9,89.51965065502183,3.1509478004934843,0
ABREL,2024-12-12,2024-12-13,2024-12-16,2791.945275,2711.1,2760.7689250000003,40,2.8956611622697412,3233.811000000005,-1502.4788531999893,-0.4646155428378427,-1.3453691827824144,1,ema9_close,1.5546409662345582,-2.8616347073636628,3,"ema21,ema50,avwap",70.3056768558952,4.0545524389589875,0
UTIAMC,2024-12-13,2024-12-16,2024-12-18,1374.687,1331.2,1330.5344,100,3.1634110164713753,4348.699999999985,-4726.36046099998,-1.0868444502954897,-3.4381357072555283,2,stop,0.4010367450918011,-5.167503584452291,4,"ema9,ema21,avwap,swing_high",74.67248908296943,3.0092187546477,0
CGPOWER,2024-12-16,2024-12-17,2024-12-18,775.9878,758.7,758.32065,107,2.227844303737758,1849.7945999999943,-2079.181704772497,-1.1240067977128398,-2.504112141647069,1,stop,0.9036482274592471,-2.89795793181284,3,"ema9,ema21,avwap",77.9475982532751,3.1896838464422936,0
MANKIND,2024-12-16,2024-12-17,2025-01-08,2736.3675,2626.0,2878.1102250000004,39,4.0333580924345815,4304.332499999993,5276.156949033778,1.225778201157505,4.944002427168527,15,ema9_close,11.637051675259272,-4.031530852489652,4,"ema9,ema21,avwap,swing_high",77.07423580786026,2.87899442999224,0
CARTRADE,2024-12-17,2024-12-18,2024-12-18,1538.718975,1480.9,1480.15955,32,3.7576046009311033,1850.207199999997,-1984.9963297199974,-1.0728508297449066,-4.031349213962213,0,stop_same_day,3.833125213783761,-5.4343240291814885,2,"ema9,avwap",99.34640522875817,5.517954051786573,0
BLS,2024-12-17,2024-12-18,2024-12-26,488.24399999999997,467.25,470.26475000000005,2,4.299899230712507,41.98799999999994,-38.16307012499985,-0.908904213703913,-3.908196529296812,5,ema9_close,2.7150359246606257,-4.207732199474023,2,"avwap,swing_high",86.9281045751634,3.9342490873891713,0
GRANULES,2024-12-17,2024-12-18,2024-12-23,592.0958999999999,576.45,586.4066500000001,281,2.6424604527746047,4396.497899999963,-1979.5123490324283,-0.45024753657506467,-1.189761309358796,3,ema9_close,3.446080271793818,-1.941560480320831,3,"ema9,ema21,ema50",76.90631808278867,4.11037917282219,0
CHALET,2024-12-18,2024-12-19,2024-12-20,1012.506,981.3,980.8093500000001,91,3.082055810039646,2839.7460000000015,-3092.9956013774968,-1.0891803708421441,-3.3569146901351656,1,stop,0.7845879431825662,-4.380813545796272,1,avwap,85.83877995642702,4.5825033574336835,0
KEC,2024-12-18,2024-12-19,2024-12-19,1204.6019999999999,1157.5,1156.92125,93,3.9101711602670317,4380.485999999987,-4686.874661587486,-1.069943988312598,-4.183664126201007,0,stop_same_day,1.6103244059033723,-4.93955679967325,1,ema9,91.72113289760348,4.878084220128839,0
WIPRO,2024-12-19,2024-12-20,2024-12-24,315.65774999999996,301.15,305.14735,303,4.596037955665587,4395.848249999996,-3400.9707370949927,-0.7736779214557726,-3.5558530924711897,2,ema9_close,1.3756196386751272,-4.073319916903657,3,"ema9,ema21,avwap",88.45315904139433,2.1775988200302256,0
PARADEEP,2024-12-19,2024-12-20,2024-12-20,113.06650499999999,108.76,108.70562000000001,1022,3.80882472665091,4401.248109999987,-4717.473248512478,-1.07184896888544,-4.082484855926146,0,stop_same_day,0.2861103737132481,-4.923213112495158,3,"ema9,ema21,avwap",95.86056644880175,4.395317194403403,0
SARDAEN,2024-12-19,2024-12-20,2024-12-23,483.14144999999996,461.0,460.76950000000005,198,4.582809030357459,4384.0070999999925,-4644.574623314984,-1.0594359263959658,-4.855192530572552,1,stop,2.3613271020319306,-4.986417538797383,3,"ema9,ema21,avwap",85.62091503267973,4.181705055100015,0
KALYANKJIL,2025-01-03,2025-01-06,2025-01-06,793.2964499999999,757.4,757.0213,118,4.524972978260518,4235.781099999995,-4490.845818674994,-1.0602166902994585,-4.79745187470585,0,stop_same_day,0.019355941905464136,-6.655324122526949,2,"ema9,avwap",75.59912854030502,3.7092646048868203,0
LAURUSLABS,2025-01-03,2025-01-06,2025-01-06,615.6076499999999,600.7,600.3996500000001,284,2.421615455883285,4233.772599999965,-4716.219984179957,-1.1139521249157303,-2.69756368280996,0,stop_same_day,0.04748966326199096,-3.5099710018223336,1,avwap,94.98910675381264,2.601964105778739,0
GVT&D,2025-01-03,2025-01-06,2025-01-07,2050.9749749999996,1960.0,2003.2978500000002,46,4.435694053263602,4184.848849999983,-2407.6187824424746,-0.5753179789139778,-2.551934537804366,1,ema9_close,2.1465413053126294,-3.458110209267653,1,ema21,92.5925925925926,4.533043986088171,0
COFORGE,2025-01-03,2025-01-06,2025-01-08,1949.9744999999998,1906.21,1905.2568950000002,97,2.24436268269148,4245.156499999977,-4767.658747112217,-1.1230819752139272,-2.520603274773576,2,stop,0.28849095206118136,-3.865409522021949,2,"ema9,avwap",97.38562091503267,2.4751503654770124,0
SARDAEN,2025-03-21,2025-03-24,2025-03-25,553.126425,527.15,526.886425,159,4.696290725940288,4130.25157500001,-4369.640349622504,-1.0579598531168148,-4.9684870466096465,1,stop,0.5014359963004726,-14.088356924910983,2,"ema9,avwap",95.54140127388536,5.041769938698395,0
CHOLAFIN,2025-03-21,2025-03-24,2025-04-01,1555.627425,1500.8,1500.0496,75,3.5244573423485352,4112.056874999997,-4431.889018406244,-1.0777791147176794,-3.79858651429663,5,stop,1.5667360068558895,-6.147193310120514,2,"avwap,swing_high",98.93842887473461,3.1812498838434022,0
ABBOTINDIA,2025-03-21,2025-03-24,2025-04-01,30514.249499999998,30046.55,30302.841,8,1.5327248995588072,3741.5959999999905,-2250.785232599982,-0.6015575258793273,-0.9220221984322367,5,ema9_close,2.8044291241703405,-1.0285342262800867,2,"ema9,ema21",84.92569002123143,3.2654808046015185,0
SHREECEM,2025-03-21,2025-03-24,2025-04-07,29334.66,28642.1,29736.674225000002,5,2.360893223238317,3462.8000000000065,1670.4109532062666,0.48238736086584943,1.1388650512440006,9,ema9_close,6.488195192990133,-1.376051401311622,2,"avwap,swing_high",86.62420382165605,2.3190257656264923,0
CHAMBLFERT,2025-03-24,2025-03-25,2025-04-07,622.9113,594.5,589.655025,145,4.561050666443197,4119.638499999997,-5024.355309693748,-1.2196107279057982,-5.5627063233160134,8,stop_gap,2.261750589530166,-7.2741175188184855,1,avwap,96.81528662420382,4.052108732612489,0
KOTAKBANK,2025-03-24,2025-03-25,2025-04-07,437.068425,418.05,403.53813,218,4.351361002570703,4146.016649999996,-7520.344373338496,-1.8138722075171847,-7.892812787437112,8,stop_gap,0.785134501537147,-8.44454160695777,1,avwap,97.66454352441613,2.0037887650744546,0
NAVINFLUOR,2025-03-25,2025-03-26,2025-04-03,4242.12,4120.0,4117.9400000000005,31,2.878749304592984,3785.7199999999966,-4147.616138999987,-1.095595062233866,-3.1539435235212485,5,stop,3.2738347807228507,-6.768313956229434,2,"ema9,avwap",97.87685774946921,4.022219896362889,0
BHARTIARTL,2025-03-28,2025-04-01,2025-04-07,1746.6228749999998,1660.0,1685.806675,47,4.959449245733703,4071.27512499999,-3043.8842171774795,-0.7476488627570919,-3.707926588474319,4,ema9_close,1.61037195851452,-4.421267813751712,5,"ema9,ema21,ema50,avwap,swing_high",89.59660297239915,2.614819791218258,0
JSWSTEEL,2025-03-28,2025-04-01,2025-04-01,1068.7341,1053.95,1053.423025,232,1.383328182379495,3429.911199999966,-4118.3609209499555,-1.2007194008258861,-1.6609889862922695,0,stop_same_day,0.16055443538295888,-1.4394693684799607,2,"ema9,avwap",95.54140127388536,2.0967437827831192,0
NH,2025-03-28,2025-04-01,2025-04-02,1700.85,1659.15,1658.3204250000001,19,2.451715318811172,792.2999999999965,-881.4597987862445,-1.1125328774280554,-2.7276138982714357,1,stop,0.8319369726901309,-2.8250580592056878,1,avwap,99.36305732484077,4.764697001537223,0
MEDANTA,2025-04-01,2025-04-02,2025-04-07,1239.51945,1192.05,1009.495,85,3.8296656014554715,4034.9032500000044,-19771.919412487507,-4.90022143963117,-18.7662094868701,3,stop_gap,1.4909447366880764,-18.516809074678093,3,"ema9,ema21,avwap",94.69214437367303,3.6357304887535187,0
SHYAMMETL,2025-04-01,2025-04-02,2025-04-04,877.4385,840.05,857.87085,108,4.261096361739315,4037.9580000000024,-2328.831621269992,-0.576734978736775,-2.4575233195830735,2,ema9_close,5.306525756506019,-4.152826665344634,2,"ema9,avwap",95.96602972399151,3.8751632776826717,0
LLOYDSME,2025-04-01,2025-04-02,2025-04-04,1296.648,1236.0,1235.382,47,4.677290984137555,2850.4559999999956,-3016.3582214999933,-1.0582019934705178,-4.949518643456039,2,stop,4.268853227707141,-5.911241909909236,1,ema9,83.86411889596603,4.787164950285611,0
GABRIEL,2025-04-02,2025-04-03,2025-04-03,602.00085,575.0,574.7125,17,4.4851846969983535,459.01445000000024,-486.9066959925013,-1.0607655074747668,-4.757729221229517,0,stop_same_day,0.6310871487972053,-4.9419946832301,2,"ema9,avwap",95.96602972399151,5.694833334301995,0
NAVINFLUOR,2025-04-02,2025-04-03,2025-04-03,4261.1295,4125.15,4123.087425,30,3.191160935146429,4079.385000000011,-4430.517733912499,-1.0860749191146428,-3.4658398545209663,0,stop_same_day,1.7910861427703573,-7.184233663867761,3,"ema9,ema21,avwap",98.93842887473461,3.2625859635570356,0
SHRIRAMFIN,2025-04-03,2025-04-04,2025-04-07,660.8802749999999,632.0,595.702,141,4.369970793877889,4072.1187749999817,-9393.891590891228,-2.3068805479258816,-10.081000619401125,1,stop_gap,0.6233693387202593,-10.838615965652764,2,"ema9,ema21",89.38428874734608,3.3065408616587133,0
SUMICHEM,2025-04-16,2025-04-17,2025-04-21,562.431075,548.75,552.673525,276,2.432489172117662,3775.97669999999,-3047.0180000399932,-0.8069483055973309,-1.9628930158242013,1,ema9_close,0.6167733530726432,-2.1124499566458006,2,"ema9,avwap",90.44585987261146,4.099433205437576,0
AADHARHFC,2025-04-16,2025-04-17,2025-04-23,489.24449999999996,465.7,465.46715000000006,160,4.812419965886172,3767.1199999999953,-3980.0429435999895,-1.0565214125379585,-5.084424740083933,3,stop,0.4201375794720333,-5.323411913675059,2,"avwap,swing_high",90.23354564755839,4.4801304027189754,0
KOTAKBANK,2025-04-17,2025-04-21,2025-05-02,439.2195,419.54,436.82148000000007,191,4.480561541552677,3758.7844999999925,-650.44422125698,-0.17304642531567885,-0.7753451581725983,8,ema9_close,4.817750578013957,-1.1337156023354993,3,"ema9,ema21,avwap",96.81528662420382,2.308699833031248,0
BAJFINANCE,2025-04-17,2025-04-21,2025-04-25,919.4594999999999,895.2,910.7444,155,2.638452264618495,3760.2224999999826,-1677.0743451749913,-0.4460040184257711,-1.1767603124444244,4,ema9_close,5.061723762710599,-2.225165980665807,2,"ema9,avwap",96.39065817409767,2.585532072103434,0
BAJAJFINSV,2025-04-17,2025-04-21,2025-04-30,2040.71985,1955.0,1954.0225,43,4.2004712209762625,3685.953549999998,-3925.5260592074924,-1.06499607386737,-4.473485358732598,7,stop,4.61994575100546,-5.597037241540036,3,"ema9,avwap,swing_high",91.50743099787687,2.6750682993208783,0
INDIGO,2025-04-17,2025-04-21,2025-04-25,5402.7,5178.5,5310.84325,16,4.149776963370163,3587.199999999997,-1666.8371957999987,-0.46466246537689565,-1.9282455945638277,4,ema9_close,4.558831695263478,-3.8813926370148266,3,"ema9,avwap,swing_high",98.93842887473461,2.9658061979708408,0
LTF,2025-04-21,2025-04-22,2025-04-28,173.076495,165.0,162.61865,463,4.666430874972361,3739.4171849999975,-5020.723114955254,-1.342648564352484,-6.2653767149317465,4,stop_gap,5.236704729894143,-8.595329481337146,1,avwap,93.41825902335457,3.374929056295737,0
BERGEPAINT,2025-04-21,2025-04-22,2025-04-25,562.281,544.0,552.22375,207,3.251221364406756,3784.1669999999895,-2347.1586057374834,-0.6202576698484739,-2.0165949876485105,3,ema9_close,5.970146599298232,-2.379770968608218,2,"avwap,swing_high",90.44585987261146,2.916005161940228,0
GODFRYPHLP,2025-04-21,2025-04-22,2025-05-08,2565.251985,2439.98,2781.8117316666667,30,4.883418304810311,3758.1595499999958,6312.318701775004,1.6796303131342605,8.202337416474123,11,ema9_close,16.80334008200758,-2.9148007851556095,1,swing_high,100.0,4.150754411739288,1
TATACONSUM,2025-04-22,2025-04-23,2025-04-24,1149.5745,1118.2,1117.6409,2,2.729227205370326,62.748999999999796,-69.08179541999968,-1.100922650878897,-3.004668049787103,1,stop,1.6811002679687306,-4.460302485832798,1,avwap,93.41825902335457,2.8822120547749988,0
JKCEMENT,2025-04-22,2025-04-23,2025-04-23,5216.607,5014.0,5011.493,12,3.8838846782975978,2431.2839999999997,-2602.515779999995,-1.0704285389942085,-4.157421001812089,0,stop_same_day,0.3123294509247038,-4.919040288064636,3,"ema9,avwap,swing_high",83.65180467091295,3.361296491370129,0
BDL,2025-04-23,2025-04-24,2025-04-25,1439.7195,1387.8,1387.1061,49,3.6062232955794498,2544.0554999999986,-2737.3482225599964,-1.0759781862306061,-3.8802176007201354,1,stop,1.3669676627982164,-4.634201314908907,3,"ema9,avwap,swing_high",81.95329087048833,5.254476087094064,0
SHREECEM,2025-04-24,2025-04-25,2025-04-25,31005.495,30260.0,30244.870000000003,5,2.404396381996156,3727.474999999995,-4155.31459875,-1.1147800048960774,-2.680373010493785,0,stop_same_day,0.0,-3.3880929815827776,3,"ema9,ema21,avwap",94.47983014861995,2.3581839318995295,0
ULTRACEMCO,2025-04-24,2025-04-25,2025-04-25,12194.094,11870.0,11864.065,1,2.6577948308418744,324.09399999999914,-357.6958828499986,-1.1036794351330157,-2.9333534976030085,0,stop_same_day,0.901305172815634,-2.7398017433685453,2,"ema9,avwap",88.1104033970276,2.2811072205393876,0
JKCEMENT,2025-04-24,2025-04-25,2025-04-28,5299.94865,5106.3,5103.74685,19,3.653783513544043,3679.3243500000017,-3955.1549466749975,-1.0749677306038528,-3.9276993716722113,1,stop,0.43493534602452666,-3.985862202646061,2,"avwap,swing_high",91.0828025477707,3.534526814553101,0
GRASIM,2025-04-24,2025-04-25,2025-05-02,2737.66815,2673.0,2716.9408500000004,59,2.3621617543382665,3815.420849999998,-1593.0059206499786,-0.4175177479176326,-0.9862444558884771,4,ema9_close,1.3161511193385564,-2.2818013936422554,3,"ema9,avwap,gap_base",86.62420382165605,2.201942569655446,0
ULTRACEMCO,2025-04-25,2025-04-28,2025-04-29,12310.152,11860.0,11854.070000000002,8,3.656754197673595,3601.2160000000003,-3870.9668423999883,-1.0749054881462228,-3.9306651558810852,1,stop,0.234343166518171,-4.14415679026547,2,"ema9,avwap",89.171974522293,2.365055774133892,0
BDL,2025-04-25,2025-04-28,2025-05-07,1440.61995,1373.0,1447.1760500000003,23,4.693809078515122,1555.2588500000004,74.40809580000784,0.04784290139227166,0.2245654448975485,6,ema9_close,9.397346607618474,-2.958445077759753,1,ema9,82.59023354564756,5.148410522166075,0
RADICO,2025-04-25,2025-04-28,2025-05-02,2466.2325,2350.2,2444.27725,31,4.704848387165454,3597.007500000008,-855.6724225875003,-0.23788452556395792,-1.1192106264312065,3,ema9_close,1.5922059254348397,-2.4057950740654093,2,"ema9,ema21",74.52229299363057,3.400934950796396,0
NYKAA,2025-04-25,2025-04-28,2025-05-08,194.8974,188.12,192.36377000000002,542,3.477419401182366,3673.3508,-1614.6073472609946,-0.4395461896154853,-1.5284864474846713,7,ema9_close,2.977258803862952,-2.502547494220039,2,"ema9,avwap",88.32271762208069,3.197634718203223,0
CHAMBLFERT,2025-04-28,2025-04-29,2025-05-08,694.5471,674.0,690.704475,136,2.9583450855960667,2794.4056,-739.2503463299943,-0.26454654482870854,-0.7826199708054296,6,ema9_close,6.861003379036504,-1.8785047119194616,2,"ema9,avwap",99.36305732484077,3.200883347105152,0
GLAXO,2025-04-29,2025-04-30,2025-05-02,2932.36545,2810.1,2851.3736000000004,28,4.169516115394139,3423.4325999999965,-2454.008197409973,-0.7168267888230005,-2.9888208479437326,1,ema9_close,3.841081608706044,-3.078246949062901,2,"ema9,ema21",99.36305732484077,4.415498402320132,0
FORCEMOT,2025-04-30,2025-05-02,2025-05-23,9072.534,8745.0,10281.973774666667,6,3.6101710944263163,1965.203999999998,7123.092544354802,3.624607188034835,13.085452098893214,15,ema9_close,24.105349178079692,-1.9898960973857982,1,ema21,98.9406779661017,4.408442854857112,2
BHARTIARTL,2025-04-30,2025-05-02,2025-05-09,1877.83845,1827.0,1847.4758,71,2.707285602763111,3609.5299499999974,-2459.9200585124995,-0.6815070362589737,-1.8450341874456768,5,ema9_close,2.0854589488249076,-2.435696744839795,2,"ema9,avwap",83.89830508474576,2.5745465522880515,0
AXISBANK,2025-04-30,2025-05-02,2025-05-05,1194.49695,1175.0,1174.4125000000001,2,1.6322310408578247,38.99389999999994,-45.617391734999664,-1.1698596892077924,-1.9094812981732463,1,stop,1.3397313404609388,-2.5280056177623464,1,ema9,96.1864406779661,2.541365996151186,0
GRASIM,2025-04-30,2025-05-02,2025-05-02,2752.27545,2718.9,2717.54055,78,1.2126493371148588,2603.2851,-3199.9646951999953,-1.229202554572296,-1.4905916629819858,0,stop_same_day,0.7093966557744098,-2.0519548652007162,2,"ema9,avwap",76.90677966101694,2.0630188626410995,0
RADICO,2025-05-02,2025-05-05,2025-05-07,2476.2374999999997,2406.9,2444.6770500000002,10,2.800115093968153,693.3749999999964,-372.195017324994,-0.5367874776635961,-1.5030667184589286,2,ema9_close,7.622956198668348,-2.0691674364837667,2,"ema9,ema21",79.02542372881356,3.0968658389033354,0
INDIGO,2025-05-02,2025-05-05,2025-05-06,5422.71,5218.0,5319.339,17,3.775049744500444,3480.0700000000006,-1967.3140579500007,-0.5653087604416004,-2.134068691668926,1,ema9_close,3.1218707989178833,-2.281331658893805,2,"ema9,ema21",96.1864406779661,3.1725655262343433,0
PARADEEP,2025-05-02,2025-05-05,2025-05-05,146.403165,140.81,140.739595,642,3.8203853038286426,3590.8119299999994,-3848.0094397079965,-1.0716265609900648,-4.094026364798872,0,stop_same_day,2.3201923264432227,-5.145493268536918,2,"ema9,avwap",97.66949152542372,6.577609660703294,0
SBICARD,2025-05-05,2025-05-06,2025-05-07,907.0532999999999,877.0,861.7689000000001,120,3.313289307254593,3606.3959999999906,-5678.2254635999825,-1.5744875115211965,-5.216732636329073,1,stop_gap,0.9698107046190216,-4.944946454635016,3,"ema9,ema21,avwap",85.38135593220339,2.814058010265492,0
BAJAJFINSV,2025-05-06,2025-05-07,2025-05-08,2046.0224999999998,2008.1,2007.0959500000001,95,1.853474240874668,3602.6374999999907,-4140.82544066248,-1.1493872033093784,-2.130359574124908,1,stop,0.19440157671776603,-2.5963790720776387,2,"ema9,avwap",84.77801268498943,2.962028208379943,0
UNITDSPR,2025-05-06,2025-05-07,2025-05-07,1615.8075,1550.5,1549.72475,36,4.041787155957619,2351.069999999996,-2510.032035149992,-1.0676126338858463,-4.315063031177896,0,stop_same_day,0.01191354787003459,-4.840149584650399,2,"ema9,avwap",77.80126849894292,2.3459772857963124,0
BPCL,2025-05-07,2025-05-08,2025-05-08,317.65875,307.0,306.8465,333,3.3554089097183684,3549.363749999999,-3839.633535487504,-1.0817807939486352,-3.6298169143774603,0,stop_same_day,0.799993703935431,-3.7646531065176103,3,"ema9,avwap,swing_high",95.34883720930233,3.502062653123771,0
LTF,2025-05-07,2025-05-08,2025-05-08,169.38465,162.66,162.57867000000002,528,3.9700468726062232,3550.6151999999984,-3795.1255679039896,-1.0688642260935488,-4.243441078043365,0,stop_same_day,0.0031584916342731533,-4.300655342736192,3,"ema9,ema21,avwap",87.9492600422833,3.5061789155787233,0
BAJAJFINSV,2025-05-07,2025-05-08,2025-05-08,2046.5227499999999,2009.7,2008.6951500000002,96,1.799283687415633,3534.983999999982,-4079.1456561599634,-1.1539361015947975,-2.076258403919508,0,stop_same_day,0.1699101561416867,-2.620188316987914,3,"ema9,ema21,avwap",87.73784355179704,2.932851655134064,0
MARICO,2025-05-07,2025-05-08,2025-05-14,740.37,707.0,722.188725,106,4.507205856531194,3537.2200000000003,-2105.5010585775035,-0.5952417600764169,-2.682877147068362,4,ema9_close,0.0,-3.8318678498588525,3,"ema9,avwap,swing_high",75.26427061310783,2.879321573385971,0
ABBOTINDIA,2025-05-09,2025-05-12,2025-05-26,30315.149999999998,29555.0,30204.890000000003,4,2.50749212852319,3040.5999999999913,-719.4321839999791,-0.23660862461355692,-0.5932942637591923,10,ema9_close,4.205323081033754,-1.2375000618502554,3,"ema9,ema21,ema50",93.23467230443974,2.43362259862237,0
NH,2025-05-09,2025-05-12,2025-05-13,1829.9144999999999,1740.0,1774.3124000000003,37,4.913590225117068,3326.836499999995,-2210.637554594977,-0.6644863835643802,-3.2650137990053296,1,ema9_close,0.2943033677256557,-4.203174519902419,2,"ema9,ema21",98.73150105708245,3.5781100507914503,0
NYKAA,2025-05-09,2025-05-12,2025-05-19,195.907905,188.5,196.55167500000002,460,3.7813201054852787,3407.6362999999997,88.52308218001497,0.02597785514258519,0.09823058594804153,5,ema9_close,4.681840173830665,-0.40728576011264295,3,"ema9,ema21,avwap",83.50951374207189,3.2495808982144796,0
JKCEMENT,2025-05-09,2025-05-12,2025-05-20,5164.581,4920.0,5142.927250000002,13,4.7357375167511195,3179.5530000000017,-435.5959983374843,-0.13699913111606696,-0.6487919249886639,6,ema9_close,4.306622357167015,-1.134283691164881,4,"ema9,ema21,ema50,avwap",79.49260042283298,2.9112634689838903,0
HDFCAMC,2025-05-12,2025-05-13,2025-06-03,2273.686275,2175.05,2393.5526250000003,34,4.338165563320729,3353.6333499999946,3892.966859010001,1.1608206541153365,5.035832186874596,15,ema9_close,8.620966188486122,-1.4090015562942995,3,"ema9,avwap,swing_high",89.64059196617336,3.4467024011016014,0
HDFCLIFE,2025-05-12,2025-05-13,2025-06-02,737.3684999999999,720.0,769.7310419500001,120,2.3554708398853395,2084.219999999991,3675.525297210907,1.7635015963818228,4.153876586368629,14,ema9_close,7.286926414675989,-0.7077194103084075,3,"ema9,avwap,gap_base",88.37209302325581,2.439444674056129,1
AXISBANK,2025-05-12,2025-05-13,2025-05-22,1209.6045,1175.2,1187.9057500000001,99,2.8442767863380034,3406.0454999999874,-2421.1327919624896,-0.7108339544972311,-2.021808515717319,7,ema9_close,0.7767414886436086,-2.6541319910764116,3,"ema9,avwap,gap_base",92.60042283298098,2.4410077076875347,0
GODFRYPHLP,2025-05-13,2025-05-14,2025-05-19,3021.4799849999995,2886.64,2885.1966799999996,24,4.462713162735038,3236.1596399999908,-3433.823595953991,-1.0610797914635635,-4.7352947520765944,3,stop,2.0241740903010026,-8.62193316829135,2,"avwap,swing_high",100.0,4.295369504896338,0
PAGEIND,2025-05-16,2025-05-19,2025-05-26,48479.2275,46585.0,47206.385,1,3.9072972027039845,1894.2275000000009,-1382.8809543749987,-0.7300500886905074,-2.852522669374215,5,ema9_close,0.6616699905129452,-2.9481235029993087,3,"ema9,avwap,swing_high",70.82452431289641,2.44105964400946,0
NYKAA,2025-05-16,2025-05-19,2025-05-19,203.1015,197.0,196.9015,566,3.0041629431589563,3453.448999999993,-3769.561952699997,-1.0915354339096959,-3.2791503016964403,0,stop_same_day,0.9741434701368652,-3.7131680465186054,3,"ema9,avwap,swing_high",83.50951374207189,3.0128625072209023,0
KPRMILL,2025-05-16,2025-05-19,2025-05-23,1188.09375,1138.85,1138.280575,2,4.144769720402964,98.48750000000018,-104.9770109475,-1.0658917217667196,-4.417875733606881,4,stop,5.74502222572923,-4.342565559325607,1,ema9,96.61733615221986,5.492805152909801,0
MRF,2025-05-19,2025-05-20,2025-05-26,140725.32749999998,139410.0,144598.97434499994,1,0.9346771639241593,1315.3274999999849,3545.523897878202,2.6955445680853196,2.519463952129159,4,partials_exhausted,4.767921041079134,-0.8813818535970257,2,"ema9,avwap",90.9090909090909,2.0820453683822926,1
HINDPETRO,2025-05-21,2025-05-22,2025-06-02,406.10294999999996,390.55,407.9959,220,3.8298047330116547,3421.6489999999894,210.4819909500078,0.06151478160092062,0.23558960172538404,7,ema9_close,3.545172474122637,-2.04454313863023,3,"ema9,ema21,avwap",86.25792811839324,3.371233525542859,0
IOC,2025-05-22,2025-05-23,2025-05-30,144.2721,141.87,141.799065,12,1.6649788836510941,28.82519999999988,-33.62420207699978,-1.1664863410141098,-1.9421751258559223,5,stop,0.8025806791472587,-2.122447791360898,2,"ema9,avwap",76.95560253699789,2.6541151886249517,0
SBILIFE,2025-05-22,2025-05-23,2025-06-03,1769.5843499999999,1741.2,1774.41235,57,1.6040122642359385,1617.9079499999893,42.88701631501084,0.0265076986085711,0.04251867366481797,7,ema9_close,3.634506035273205,-0.5529179776030402,2,"ema9,avwap",77.58985200845666,2.351502694291137,0
INDIGO,2025-05-23,2025-05-26,2025-05-26,5547.7725,5435.5,5432.78225,30,2.023740158775437,3368.175000000001,-3828.5366388749894,-1.136679845576607,-2.300344651164042,0,stop_same_day,0.25645427962303724,-2.4743714707118944,3,"ema9,ema21,avwap",86.25792811839324,3.3829150629239755,0
BANDHANBNK,2025-05-23,2025-05-26,2025-05-26,166.533225,164.43,164.34778500000002,896,1.26294617785729,1884.4895999999826,-2299.0940327039743,-1.2200088728024796,-1.540805542857872,0,stop_same_day,0.08813556574072197,-1.280960601105264,3,"ema9,ema21,avwap",74.20718816067652,3.3221563539560783,0
DEEPAKFERT,2025-05-26,2025-05-27,2025-06-18,1375.58745,1324.4,1553.397836780303,66,3.7211338326763523,3378.3716999999933,11513.17554423337,3.407906697843045,12.681276911948101,16,ema9_close,19.003702745325285,-2.2235918188988997,2,"ema9,avwap",92.60042283298098,3.9656163705081626,2
GABRIEL,2025-05-26,2025-05-27,2025-06-05,656.5281,633.05,638.58055,144,3.57609978917887,3380.846400000006,-2798.9171924399952,-0.8278746980164465,-2.9605625330431353,7,ema9_close,2.0367597365596453,-3.2714669790980935,2,"ema9,avwap",94.5031712473573,4.8251965705154936,0
VMM,2025-05-26,2025-05-27,2025-06-12,125.66279999999999,121.84,125.08742500000002,890,3.042109518489153,3402.291999999988,-768.7266052874761,-0.22594374771109557,-0.6873456255550355,12,ema9_close,7.112049071005913,-1.7211139653103373,2,"ema9,avwap",73.15010570824523,4.646047646214164,0
MFSL,2025-05-29,2025-05-30,2025-07-03,1502.65095,1445.7,1618.0905500000001,18,3.790031876664366,1025.1170999999986,2013.3134509500055,1.963983871647452,7.44356147879854,24,ema9_close,10.930618983736707,-2.172889851764978,2,"ema9,avwap",94.72573839662446,2.561006607981955,0
ATUL,2025-05-30,2025-06-02,2025-06-11,7163.07975,7020.0,7124.935750000001,23,1.9974613573163118,3290.834249999997,-1255.2300099749762,-0.38143215811461095,-0.761895996271701,7,ema9_close,4.731487877124366,-1.5646866140224096,2,"ema9,avwap",84.38818565400844,2.7280104080218637,0
PNBHOUSING,2025-05-30,2025-06-02,2025-06-03,1049.9247,1033.0,1050.1746500000002,3,1.6119917933162282,50.77410000000009,-6.495492757499395,-0.12792925443285816,-0.20622090827083106,1,ema9_close,2.9216666680953267,-1.2119631055446152,2,"ema9,ema21",84.17721518987342,2.755573423964963,0
ABCAPITAL,2025-06-02,2025-06-03,2025-07-09,225.50269499999996,218.44,267.3387283639751,483,3.131978090106623,3411.2816849999817,19933.055346192494,5.843274518736379,18.301007767160662,26,ema9_close,25.342182717594582,-1.9523913006893139,3,"ema9,avwap,swing_high",93.45991561181435,3.3207386893144344,2
PNBHOUSING,2025-06-02,2025-06-03,2025-06-12,1080.54,1037.2,1088.6554,78,4.010957484220845,3380.5199999999936,438.42437262001334,0.12969140032303142,0.5201866927647446,7,ema9_close,5.678642160401296,-3.566735150943044,3,"ema9,ema21,avwap",87.76371308016878,2.806457552940825,0
AUBANK,2025-06-02,2025-06-03,2025-07-14,725.3625,691.9,806.8574805555556,9,4.613210636061277,301.1624999999998,717.5963482012507,2.382754653056909,10.992149108606629,29,ema9_close,15.94202898550725,-1.8008237260679891,3,"ema9,avwap,swing_high",86.49789029535864,2.196957071353586,1
ANURAS,2025-06-04,2025-06-05,2025-07-07,1031.5155,995.6,1123.4470516516853,89,3.481818741453711,3196.479499999996,7961.347679838452,2.4906612665085017,8.672031076342138,22,ema9_close,13.037564631845086,-0.25355896251679044,3,"ema9,avwap,swing_high",96.83544303797468,3.354617794213538,1
GILLETTE,2025-06-10,2025-06-11,2025-06-20,10202.0985,9782.0,9895.050000000001,8,4.11776557538628,3360.7880000000005,-2641.2817661999916,-0.7859114488030757,-3.236199109183262,7,ema9_close,5.644931775555784,-3.8433122362031753,3,"ema9,avwap,swing_high",70.042194092827,3.6738149723282185,0
EIDPARRY,2025-06-11,2025-06-12,2025-06-13,1020.51,973.3,972.7633750000001,74,4.626118313392327,3493.5400000000027,-3702.8778142124975,-1.0599214018481238,-4.903321807846073,1,stop_gap,0.1460054286582208,-5.390442033885023,3,"ema9,avwap,swing_high",91.56118143459916,2.825136823480321,0
KIMS,2025-06-11,2025-06-12,2025-06-13,674.03685,648.0,644.77745,135,3.8628229302299957,3514.9747499999944,-4154.764920074986,-1.1820184256159998,-4.565927878423842,1,stop_gap,1.604237216407384,-4.293066469585455,3,"ema9,ema21,avwap",73.20675105485233,3.4053082329912785,0
PTCIL,2025-06-12,2025-06-13,2025-06-13,15540.7665,15102.0,15094.449000000002,7,2.8233259923183307,3071.365499999998,-3370.835984774989,-1.0975040205325584,-3.0986116278434426,0,stop_same_day,1.6616522743585413,-3.4796642752466536,1,avwap,73.41772151898735,4.1992991076312824,0
POONAWALLA,2025-06-13,2025-06-16,2025-06-19,420.260025,407.95,411.49415,279,2.929144878816394,3434.496974999999,-2712.547452048745,-0.7897946837029157,-2.3134230530848092,3,ema9_close,1.3539177322420812,-2.6317099752706663,2,"ema9,ema21",92.82700421940928,2.4033262263362976,0
BEL,2025-06-13,2025-06-16,2025-06-25,397.948875,379.5,405.84697500000004,186,4.635991243850102,3431.4907499999977,1297.114667685016,0.3780032534504186,1.7524197731429914,7,ema9_close,7.174571105396396,-1.130515823169489,3,"ema9,ema21,avwap",93.0379746835443,2.290018487766816,0
NAM-INDIA,2025-06-17,2025-06-18,2025-06-18,766.3829999999999,740.0,739.63,132,3.4425346073699346,3482.55599999999,-3760.0087733999935,-1.079669292726378,-3.716798904725177,0,stop_same_day,0.0,-3.9644668527355025,3,"ema9,ema21,avwap",92.19409282700421,3.424724258256422,0
CANFINHOME,2025-06-17,2025-06-18,2025-06-19,796.948275,777.6,777.2112000000001,120,2.4277955805851947,2321.7929999999933,-2585.683007549979,-1.1136578530256513,-2.703733613859673,1,stop,0.5648704114454703,-3.7704172206157267,3,"ema9,ema21,avwap",81.22362869198312,2.540680824387825,0
HOMEFIRST,2025-06-18,2025-06-19,2025-06-20,1299.7495499999998,1264.8,1264.1676,42,2.6889449586652923,1467.8810999999923,-1618.2790983449906,-1.1024592511920748,-2.964452245626843,1,stop,0.32702069410220247,-3.4352425819266443,2,"ema9,avwap",76.16033755274262,3.7577119896624844,0
KPIL,2025-06-18,2025-06-19,2025-06-19,1205.30235,1181.1,1180.50945,142,2.007989945427388,3436.7337000000034,-3910.1948669399944,-1.137764868700764,-2.284620416611646,0,stop_same_day,1.21941602453526,-2.431120291103716,2,"ema9,avwap",87.9746835443038,3.2282692197796927,0
CEMPRO,2025-06-18,2025-06-19,2025-07-07,811.2053999999999,777.05,877.5369922079208,101,4.2104502756022075,3449.6953999999987,6503.343384145059,1.8851935113300327,7.937513539343028,12,ema9_close,16.37003402590763,-3.489301229996741,2,"ema9,avwap",91.35021097046413,4.441448065660665,1
MOTILALOFS,2025-06-19,2025-06-20,2025-07-18,823.4114999999999,807.1,904.3855809999999,190,1.9809657747068035,3099.184999999983,15007.551727801507,4.842418806170522,9.592665921820384,20,ema9_close,16.994965457732874,-1.379808273263123,1,ema21,90.084388185654,3.3689283294914176,2
HOMEFIRST,2025-06-19,2025-06-20,2025-06-20,1302.9511499999999,1275.1,1274.46245,122,2.137543683045981,3397.8402999999953,-3837.2325280800037,-1.1293151500027854,-2.413960465056578,0,stop_same_day,0.08049802941577124,-3.6725206466873273,2,"ema9,avwap",79.32489451476793,3.6962883510264626,0
NAM-INDIA,2025-06-20,2025-06-23,2025-07-04,763.88175,732.5,789.3051500000001,108,4.1081947565837265,3389.229000000001,2552.8213870200084,0.7532159635775593,3.0943578721444878,9,ema9_close,6.600268955240779,-1.3787147028974036,3,"ema9,ema21,avwap",90.92827004219409,3.544630559241682,0
HONASA,2025-06-24,2025-06-25,2025-07-01,314.157,302.4,302.2488,295,3.7423963177646864,3468.3150000000014,-3722.03466764998,-1.0731535825465617,-4.016166015718234,4,stop,2.5601848757150094,-4.156202153700207,3,"ema9,ema21,avwap",90.92827004219409,3.538754103422126,0
ABDL,2025-06-30,2025-07-01,2025-07-02,435.2175,423.0,422.7885,290,2.807217081114609,3543.074999999992,-3890.5550010000034,-1.098073001841624,-3.0825292870806007,1,stop,1.25971497010116,-3.726297770654895,2,"ema9,avwap",87.9746835443038,3.8075181108299803,0
BSE,2025-07-01,2025-07-02,2025-07-04,2797.3979999999997,2738.2,2736.8309,59,2.1161808223213097,3492.681999999992,-3948.9563308649977,-1.1306372383357566,-2.3926328407684556,2,stop,1.018875397780377,-6.588193742899648,2,"ema9,avwap",100.0,3.6074778016270583,0
POWERINDIA,2025-07-02,2025-07-03,2025-07-07,20110.05,19370.0,19545.2225,2,3.680000795622086,1480.0999999999985,-1220.8621267499989,-0.8248511092155936,-3.0354527381831446,2,ema9_close,0.6710575060728416,-3.4313688926680896,2,"ema9,avwap",97.46835443037975,4.632217124623345,0
360ONE,2025-07-03,2025-07-04,2025-07-08,1236.11775,1174.9,1174.31255,57,4.952420592617475,3489.4117499999884,-3680.9001061649833,-1.054876973508499,-5.22419444628149,2,stop,3.0484353128979933,-5.041408878725335,3,"ema9,avwap,swing_high",89.24050632911393,4.838879723539678,0
CRISIL,2025-07-03,2025-07-04,2025-07-04,6078.037499999999,5862.0,5859.069,16,3.5543956416853213,3456.5999999999913,-3723.1387595999845,-1.0771100965110205,-3.828475432654028,0,stop_same_day,0.9700910861441798,-4.434613968735788,2,"ema9,avwap",93.45991561181435,3.678576701378089,0
ZEEL,2025-07-03,2025-07-04,2025-07-09,144.97245,140.06,141.719105,721,3.3885403743952778,3541.8764500000048,-2583.3720478282403,-0.729379492564806,-2.4715318588117854,3,ema9_close,4.6405713637315085,-2.6021840701457535,2,"ema9,avwap",91.13924050632912,4.361868043864941,0
REDINGTON,2025-07-04,2025-07-07,2025-07-08,313.5567,306.45,306.296775,340,2.2664800337546573,2416.2779999999966,-2710.7372087249764,-1.1218647890370976,-2.542684144924963,1,stop,0.5240838419335357,-2.3940486680718323,1,ema9,87.9746835443038,4.283337809574153,0
HOMEFIRST,2025-07-04,2025-07-07,2025-07-07,1364.8821,1340.0,1339.3300000000002,140,1.8230219298795138,3483.494000000005,-4012.6721480999945,-1.1519101649378436,-2.0999574919328166,0,stop_same_day,2.6462285643573145,-3.273696680467858,1,ema9,89.0295358649789,4.310877346537359,0
UTIAMC,2025-07-07,2025-07-08,2025-07-24,1329.6644999999999,1278.3,1425.059949402985,67,3.8629669363963552,3441.421499999994,6179.243591173499,1.7955497724337197,6.93614940356546,12,ema9_close,12.419335855022084,-1.8699829919502182,3,"ema9,avwap,swing_high",72.15189873417721,3.0308373920485563,1
HEXT,2025-07-07,2025-07-08,2025-07-11,872.4359999999999,847.05,858.47055,135,2.9097836402899433,3427.1099999999956,-2154.058991887484,-0.6285351190616837,-1.8289012067933788,3,ema9_close,3.1594294595821424,-1.975617695739274,3,"ema9,ema21,swing_high",81.0126582278481,3.0127572637889286,0
GVT&D,2025-07-07,2025-07-08,2025-07-11,2365.9824,2308.3,2307.1458500000003,59,2.43798939501831,3403.2615999999816,-3788.428201762463,-1.1131757258279773,-2.713910614360419,3,stop,3.0016115081836716,-2.573239767125898,2,"ema9,ema21",98.52320675105484,3.8936739180139677,0
AIIL,2025-07-07,2025-07-08,2025-07-11,537.2685,512.1,511.8439500000001,12,4.684529243758008,302.02199999999993,-319.5723518099985,-1.0581095145717814,-4.956744964110101,3,stop,0.4749022136976322,-4.852043252116957,2,"ema9,avwap",96.62447257383965,4.134745084390191,0
ACMESOLAR,2025-07-08,2025-07-09,2025-07-18,260.13,249.86,278.15760837837837,333,3.9480259870064898,3419.909999999994,5797.056350371511,1.6950903241230095,6.692260649960896,7,ema9_close,16.841579210394798,-0.6919617114519707,4,"ema9,ema21,avwap,swing_high",85.44303797468355,3.3286880708341586,1
FORCEMOT,2025-07-08,2025-07-09,2025-07-31,15315.653999999999,14701.0,17267.469945999997,5,4.01324030955517,3073.269999999993,9571.726767310494,3.1145089000675226,12.499272662219315,16,ema9_close,33.849981202239235,-0.9118383060886505,2,"ema9,avwap",98.73417721518987,5.554645650307801,2
SCHNEIDER,2025-07-10,2025-07-11,2025-07-28,840.42,820.1,900.2739621621621,148,2.4178386996977626,3007.3599999999906,8562.12028764001,2.8470553201612163,6.883720533266194,11,ema9_close,12.312891173460898,-1.4778325123152598,2,"ema9,avwap",88.81856540084388,3.757665319428243,2
TIMKEN,2025-07-10,2025-07-11,2025-07-25,3381.6899999999996,3315.7,3387.4054500000007,53,1.9513911683211587,3497.4699999999884,-109.6575176774545,-0.03135338335352551,-0.06118271537305731,10,ema9_close,5.716372582939314,-1.6763807445389616,2,"ema9,ema21",90.50632911392405,3.327090254321231,0
CRISIL,2025-07-11,2025-07-14,2025-07-16,6063.03,5805.0,5925.036,1,4.255792895631388,258.02999999999975,-151.78027589999968,-0.588227244506452,-2.5033733281873864,2,ema9_close,1.1045632299361898,-2.688919566619333,3,"ema9,ema21,avwap",87.9746835443038,3.365959076069463,0
NAM-INDIA,2025-07-15,2025-07-16,2025-07-24,851.4254999999999,811.7,828.2856500000001,2,4.665763475489036,79.4509999999998,-50.14303564499959,-0.6311189996979235,-2.944651977477747,6,ema9_close,2.968492252111318,-3.303342453332675,3,"ema9,avwap,swing_high",94.09282700421942,3.0142563988218294,0
KEI,2025-07-15,2025-07-16,2025-07-25,3901.95,3748.8,3879.8591000000006,5,3.9249605966247554,765.7499999999982,-155.19990232499617,-0.20267698638589166,-0.7954991854072768,7,ema9_close,3.3944566178449236,-1.8106331449659763,4,"ema9,ema21,avwap,swing_high",92.61603375527426,3.0105059049319594,0
AIIL,2025-07-17,2025-07-18,2025-07-25,561.2805,540.18,539.90991,167,3.759350271388372,3523.783500000002,-3780.3721482404967,-1.072816235231391,-4.033092005066982,5,stop,3.1926104683843732,-19.25605824538711,3,"ema9,avwap,swing_high",98.31223628691983,4.508883851347886,0
JUBLPHARMA,2025-07-17,2025-07-18,2025-07-23,1205.6025,1177.5,1195.90175,106,2.3309921802584155,2978.864999999996,-1321.0228680749897,-0.4434651681345047,-1.033713839138514,3,ema9_close,3.019029904135067,-2.123626983188899,3,"ema9,ema21,avwap",86.07594936708861,3.0212852791832145,0
INTELLECT,2025-07-22,2025-07-23,2025-07-24,1188.5939999999998,1162.9,1162.3185500000002,136,2.161713755916632,3494.3839999999636,-3941.1439228199615,-1.127850838036118,-2.438090671204778,1,stop,1.3802862878325297,-5.097956072468804,2,"ema9,ema21",97.25738396624473,3.033870727520248,0
NAVA,2025-07-23,2025-07-24,2025-07-25,637.3185,608.0,607.696,122,4.600290121815069,3576.8569999999963,-3788.620534350007,-1.0592038022068007,-4.872644788280907,1,stop,0.5776546577574679,-4.992558665722086,3,"ema9,avwap,swing_high",91.77215189873418,3.006649545593143,0
KALYANKJIL,2025-07-23,2025-07-24,2025-07-25,617.9588249999999,588.25,593.7030000000001,120,4.807573546667925,3565.058999999992,-3077.908331849979,-0.8633541077020004,-4.150638369595228,1,ema9_close,0.0,-4.581021235516772,3,"ema9,avwap,swing_high",73.83966244725738,2.904599479342008,0
NAVINFLUOR,2025-07-23,2025-07-24,2025-07-31,5069.5335,4921.0,5045.2761,21,2.9299244200674393,3119.2034999999905,-753.6780518399887,-0.2416251622697881,-0.7079434634370099,5,ema9_close,7.386606676926007,-1.8252862911350576,3,"ema9,ema21,avwap",71.72995780590718,3.003121018794873,0
WAAREEENER,2025-07-24,2025-07-25,2025-07-28,3267.93315,3166.2,3164.6169,34,3.1130731667506732,3458.927100000001,-3764.2652069549877,-1.0882753808124452,-3.387880886042594,1,stop,0.5222521152245774,-5.903827928671063,2,"ema9,avwap",74.68354430379746,3.8425543369895827,0
GLENMARK,2025-07-24,2025-07-25,2025-07-29,2159.97945,2125.0,2123.9375,46,1.619434388600309,1609.0546999999915,-1884.5489066549933,-1.1712149417014868,-1.8967057530338938,2,stop,0.787995922831584,-1.8509180723918348,1,ema9,98.31223628691983,2.9968827506146867,0
SAILIFE,2025-07-24,2025-07-25,2025-07-31,835.4174999999999,807.15,806.746425,125,3.383637522556079,3533.437499999991,-3819.9454392187295,-1.0810847621384951,-3.6579989662354264,4,stop,2.164486618965981,-4.179646703594301,2,"ema9,avwap",72.78481012658227,2.9867947183937025,0
LAURUSLABS,2025-07-24,2025-07-25,2025-08-01,842.4209999999999,817.15,859.2527587,140,2.9998065100466347,3537.939999999994,2082.4767428493083,0.5886127924298636,1.7657244866278334,5,ema9_close,9.505817162677573,-2.062033116458396,3,"ema9,avwap,swing_high",89.66244725738397,2.412233434472969,1
VMM,2025-07-25,2025-07-28,2025-07-28,140.500215,138.4,138.3308,397,1.4948126591834692,833.7853549999966,-988.5580548982414,-1.1856265512102278,-1.7722895778130863,0,stop_same_day,0.06390381680199295,-6.512598575027094,2,"ema9,avwap",89.45147679324894,2.424369239966895,0
BAYERCROP,2025-07-25,2025-07-28,2025-07-31,6363.179999999999,6210.5,6319.338750000001,22,2.3994292162094957,3358.9599999999864,-1285.3752243749777,-0.3826705957721982,-0.9181910076801063,3,ema9_close,2.299479191222005,-1.7786704132210502,3,"ema9,ema21,avwap",90.71729957805907,2.331997767279542,0
DELHIVERY,2025-08-21,2025-08-22,2025-08-26,474.23699999999997,463.45,463.218275,312,2.27460109607643,3365.543999999993,-3774.2011526699844,-1.1214238033049018,-2.550791812163528,2,stop,1.3628206993549696,-2.8966529393531033,2,"ema9,avwap",96.42105263157895,2.9402854992430383,0
RADICO,2025-08-21,2025-08-22,2025-08-28,2906.4525,2822.2,2838.5800000000004,39,2.8988087711737953,3285.847500000002,-2904.692207624982,-0.8840009183703688,-2.5625496158977152,3,ema9_close,0.6312678428427887,-2.6304403736169775,3,"ema9,ema21,avwap",86.10526315789474,3.507535102940816,0
ABCAPITAL,2025-08-21,2025-08-22,2025-08-26,292.14599999999996,283.15,283.008425,374,3.079282276669878,3364.5039999999926,-3664.8269681924817,-1.0892621819419712,-3.3541457315006715,2,stop,0.08694282995489212,-4.1232808253407285,2,"avwap,swing_high",95.15789473684211,3.518017731336715,0
CUB,2025-08-21,2025-08-22,2025-08-22,163.96194,159.17,159.090415,702,2.922592889544983,3363.9418800000076,-3680.6107161914947,-1.0941362388197642,-3.197714791768134,0,stop_same_day,0.132994279038177,-3.4349069058343575,3,"ema9,ema21,avwap",71.78947368421052,2.8458445828114263,0
UNOMINDA,2025-08-22,2025-08-25,2025-09-09,1275.4373999999998,1224.2,1283.2580500000001,65,4.0172414577148015,3330.430999999984,317.07976511253065,0.09520682611725995,0.382468808935701,10,ema9_close,4.348516046338318,-0.9751478198773064,1,avwap,92.63157894736842,3.1623804229624652,0
CHOICEIN,2025-08-22,2025-08-25,2025-08-29,809.8046999999999,784.1,795.6020000000001,129,3.174185084378973,3315.9062999999855,-2070.310383944972,-0.6243573239524232,-1.9818257050125523,3,ema9_close,0.5859807926528512,-2.544403607437687,3,"ema9,avwap,swing_high",80.42105263157895,2.7471567500575036,0
KAJARIACER,2025-08-22,2025-08-25,2025-08-25,1280.53995,1266.0,1265.367,8,1.1354546181866554,116.31960000000072,-144.80594394000101,-1.2448971965171831,-1.4135242709530558,0,stop_same_day,0.5825706570107329,-1.9944672557853496,1,ema9,90.52631578947368,3.282927238151997,0
ASAHIINDIA,2025-08-22,2025-08-25,2025-08-28,888.444,858.95,858.5205250000001,112,3.319736528132321,3303.3279999999904,-3576.4382308199843,-1.0826772972045144,-3.5942033717094,2,stop,0.8054531292912174,-4.614134374254306,2,"ema9,avwap",90.10526315789474,3.1443416187541984,0
HYUNDAI,2025-08-25,2025-08-26,2025-09-26,2486.34255,2367.0,2668.260787392592,27,4.799923888202768,3222.248849999996,4751.741975973959,1.4746663579301036,7.078286278557679,22,ema9_close,16.234989422515426,-3.2715745463150223,1,ema9,95.57894736842105,3.6664195222917035,1
INDIACEM,2025-08-25,2025-08-26,2025-09-09,382.89135,366.1,391.454175,198,4.385408549971151,3324.6872999999932,1519.1208739575152,0.4569214295604637,2.003787143859499,9,ema9_close,7.811262907871907,-2.2960429897410757,3,"ema9,ema21,swing_high",79.15789473684211,3.5160044694793156,0
HEROMOTOCO,2025-08-25,2025-08-26,2025-09-11,5082.439949999999,4976.0,5325.814021739131,23,2.094268718315089,2448.118849999978,5322.3053324475295,2.174038785922333,4.553021421760856,11,ema9_close,8.697791894225944,-0.8153554278589962,1,avwap,85.26315789473684,2.648469089466401,1
ALKEM,2025-09-05,2025-09-08,2025-09-10,5371.684499999999,5277.0,5317.83975,35,1.7626593669080788,3313.9574999999786,-2314.8196010624742,-0.6985061217781124,-1.2312283583948251,2,ema9_close,0.5271251504067465,-1.37172054687872,3,"ema9,ema21,avwap",77.82426778242679,2.1699809018391063,0
ASHOKLEY,2025-09-05,2025-09-08,2025-10-03,132.296115,128.24,140.4200484861423,267,3.0659365923179056,1082.982704999994,2085.352742801579,1.9255642155445047,5.90365778929582,18,ema9_close,9.224673755536969,-0.7000318943606029,3,"ema9,ema21,avwap",75.52301255230127,3.006786054334505,1
MSUMI,2025-09-05,2025-09-08,2025-09-22,45.80289,43.86,47.55621,2,4.241850241327564,3.885779999999997,3.2919140700000042,0.8471694408844574,3.593565897261073,10,ema9_close,10.342382325656743,-0.6612901500320131,1,avwap,80.9623430962343,3.1921754545373147,0
ABCAPITAL,2025-09-05,2025-09-08,2025-09-17,285.44265,275.9,283.808025,348,3.3431058743323874,3320.842200000013,-796.6636201350111,-0.23989806565786476,-0.8020046325417844,7,ema9_close,3.348255770467375,-2.2045233955052046,3,"ema9,ema21,avwap",90.5857740585774,2.6747860161517023,0
CAPLIPOINT,2025-09-08,2025-09-09,2025-09-23,2207.103,2116.0,2252.4732,36,4.127718552328553,3279.7080000000024,1448.7007453199997,0.44171638003139263,1.823280896722989,10,ema9_close,8.513286421159322,-1.454531120659075,3,"ema9,ema21,avwap",73.64016736401673,3.696994622904527,0
ENDURANCE,2025-09-08,2025-09-09,2025-09-11,3054.3264,2929.1,2927.6354500000007,26,4.099967835788605,3255.8864000000003,-3472.825359314982,-1.0666297691820519,-4.373147746341037,2,stop,0.8372909981068222,-4.58780043940294,3,"ema9,avwap,swing_high",90.5857740585774,3.7820550886350377,0
ITCHOTELS,2025-09-09,2025-09-10,2025-09-15,246.02294999999998,240.81,243.55816,636,2.1188876891363098,3315.436199999986,-1925.6860638540034,-0.5808243463873657,-1.2307015571108326,3,ema9_close,2.116489538882462,-1.204338863508454,3,"ema9,ema21,avwap",81.79916317991632,2.656272652808739,0
CCL,2025-09-10,2025-09-11,2025-09-12,925.8626999999999,893.75,893.303125,25,3.4684084368016888,802.8174999999976,-866.2903924687474,-1.0790626667564547,-3.742630057215816,1,stop,0.4468589133140471,-5.9741795408757525,3,"ema9,ema21,avwap",75.52301255230127,3.2431338237058283,0
HINDUNILVR,2025-09-10,2025-09-11,2025-09-11,2610.8847899999996,2576.23,2574.941885,75,1.3273197703985857,2599.1092499999695,-3142.995425718723,-1.2092586818806326,-1.6050729559862977,0,stop_same_day,0.13080661441214228,-1.515761635732677,3,"ema9,ema21,avwap",81.17154811715481,2.0435983381677145,0
CHOICEIN,2025-09-11,2025-09-12,2025-09-19,820.10985,786.65,809.2451749999999,59,4.079922951785066,1974.1311500000043,-751.5675634462523,-0.3807080210685347,-1.553259393086187,5,ema9_close,1.2059542999026291,-1.4766131634682864,3,"ema9,ema21,avwap",86.82008368200836,2.2214600765161276,0
DELHIVERY,2025-09-11,2025-09-12,2025-09-15,471.585675,462.05,461.818975,343,2.022045092866735,3270.7365249999893,-3718.1595641924787,-1.136795806012681,-2.298652381139427,1,stop,0.5119589351394183,-2.032647620180569,3,"ema9,ema21,avwap",96.44351464435147,2.472862266315765,0
HBLENGINE,2025-09-12,2025-09-15,2025-09-18,877.188375,846.9,857.920825,108,3.4528928863198827,3271.144499999997,-2296.3959626399937,-0.7020160566553987,-2.4239862481077616,3,ema9_close,4.236447501940512,-3.088090970197811,2,"ema9,avwap",98.74476987447699,4.015448251282202,0
AIIL,2025-09-12,2025-09-15,2025-09-19,629.3145,617.42,631.7639600000001,275,1.8900724518503855,3270.9874999999984,274.78543702504794,0.08400687468999746,0.15877907961761162,4,ema9_close,4.717116799311,-1.3211994956416788,2,"ema9,avwap",93.93305439330544,4.469844180674142,0
KEI,2025-09-16,2025-09-17,2025-09-24,4207.1025,4021.1,4077.2603500000005,17,4.421154464384932,3162.042500000001,-2369.2758437174884,-0.7492865272106519,-3.3127114748808553,5,ema9_close,0.663104832839224,-3.6153742391586547,4,"ema9,ema21,avwap,swing_high",83.05439330543933,2.457129887688084,0
FORTIS,2025-09-17,2025-09-18,2025-09-19,970.6851,952.05,951.573975,171,1.9197884051171774,3186.6021000000137,-3646.014622098761,-1.1441700305471916,-2.1965643581270653,1,stop,0.011837000485525172,-2.094922441891825,3,"ema9,avwap,swing_high",92.46861924686193,2.0240675795560112,0
ETERNAL,2025-09-18,2025-09-19,2025-09-25,338.66925,328.3,332.08387500000003,315,3.0617630623388354,3266.3137499999893,-2317.3734445312234,-0.7094766828603746,-2.1722495011725798,4,ema9_close,1.5445010138948305,-2.2054703815005325,3,"ema9,avwap,swing_high",96.24217118997912,2.0999517793006723,0
LAURUSLABS,2025-09-18,2025-09-19,2025-09-22,926.7631499999999,885.8,903.3481000000002,79,4.420023605815568,3236.088849999994,-2016.0545570624874,-0.6229911014533767,-2.7536353746369655,1,ema9_close,1.8598980764395001,-3.09282366265856,4,"ema9,ema21,avwap,swing_high",97.4947807933194,2.281842241142543,0
MANKIND,2025-09-18,2025-09-19,2025-09-22,2661.22995,2565.2,2593.60255,34,3.608479981220717,3265.0183000000034,-2504.7955507499905,-0.7671612593258629,-2.7682860466454513,1,ema9_close,0.4798551887633806,-2.8118558488340994,4,"ema9,ema21,avwap,swing_high",76.40918580375782,2.2978385224952484,0
BLUESTARCO,2025-09-19,2025-09-22,2025-09-24,1969.9844999999998,1935.9,1934.9320500000001,95,1.730191278154712,3238.027499999972,-3756.5948830874663,-1.1601491596620161,-2.0072799574057387,2,stop,1.5236414296660814,-2.3241045805182665,2,"ema9,avwap",87.05636743215031,2.237485114434333,0
NLCINDIA,2025-09-19,2025-09-22,2025-10-08,263.681775,254.5,272.9027659427928,111,3.4821424423436227,1019.1770250000018,955.0349779986561,0.9370648617188505,3.262993326220067,11,ema9_close,10.8153948068652,-2.1358226217947767,2,"ema9,avwap",82.04592901878914,3.3745970648720216,1
NSLNISP,2025-09-19,2025-09-22,2025-09-26,47.17357499999999,44.9,44.87755,1436,4.8195944445592565,3264.8536999999915,-3449.1051278249847,-1.0564348190624877,-5.09158738499253,4,stop,1.3703116628324352,-5.497940319341907,3,"ema9,avwap,swing_high",90.39665970772442,3.5468858484622765,0
UTIAMC,2025-09-22,2025-09-23,2025-09-25,1417.7085,1351.3,1350.62435,48,4.68421399744729,3187.608,-3372.8511733199994,-1.0581135363319452,-4.956430237774549,2,stop,0.020561349529895735,-4.839393993899307,4,"ema9,ema21,avwap,swing_high",75.36534446764091,2.514733894228259,0
AADHARHFC,2025-09-23,2025-09-24,2025-09-25,538.7692499999999,522.55,526.5366,198,3.010426077583305,3211.4114999999974,-2664.6348420449735,-0.8297394594386225,-2.497869306293904,1,ema9_close,1.676181407903293,-2.6670508756763525,3,"ema9,ema21,avwap",90.39665970772442,2.663903085596604,0
KAYNES,2025-09-23,2025-09-24,2025-09-29,7302.6494999999995,7100.0,7096.450000000001,15,2.775013370147363,3039.742499999993,-3341.3769663749786,-1.0992302691346343,-3.0503786937192947,3,stop,4.400464516337536,-3.856812517155589,3,"ema9,avwap,swing_high",92.48434237995825,3.041749153379162,0
GVT&D,2025-09-24,2025-09-25,2025-09-25,3040.5195,2971.4,2969.9143000000004,46,2.2732792866482123,3179.4969999999903,-3565.7911480199878,-1.121495364839155,-2.5494721829608307,0,stop_same_day,0.6406964336193246,-3.3059975441696685,2,"ema9,avwap",93.95833333333333,3.518295774366243,0
APOLLOTYRE,2025-09-24,2025-09-25,2025-09-26,496.04789999999997,483.5,483.25825,52,2.529574260872785,652.4907999999984,-723.6243077699995,-1.1090184072633686,-2.805344417847549,1,stop,0.0,-4.737022372234605,2,"ema9,avwap",75.83333333333333,2.456779227584024,0
BLUESTARCO,2025-09-24,2025-09-25,2025-09-25,1960.9799999999998,1924.2,1923.2378999999999,86,1.8755928158369666,3163.079999999978,-3629.9697503099774,-1.1476060517944544,-2.1524416661567045,0,stop_same_day,0.8118389784699641,-2.0948709318809833,3,"ema9,ema21,avwap",87.5,2.2606459859916948,0
HEROMOTOCO,2025-09-25,2025-09-26,2025-09-29,5376.687,5231.0,5297.84975,21,2.7096053759499092,3059.426999999998,-1913.372312512492,-0.6254021790722555,-1.6945931065449713,1,ema9_close,1.4379300859432602,-2.002850454192327,3,"ema9,ema21,avwap",94.16666666666667,2.0789542592263883,0
ENRIN,2025-09-25,2025-09-26,2025-09-29,3558.7785,3472.0,3470.264,33,2.4384349854872926,2863.6904999999965,-3187.7306628749975,-1.113154743110333,-2.7143554698613563,1,stop,1.385910924211777,-2.753149711340555,1,ema9,93.95833333333333,3.097081972962885,0
KEI,2025-09-25,2025-09-26,2025-09-26,4186.092,4090.0,4087.9550000000004,32,2.295506166610759,3074.9439999999886,-3444.8689295999766,-1.1203029809973741,-2.571662401351888,0,stop_same_day,0.09335676330095843,-3.8530447969131942,3,"ema9,ema21,avwap",81.04166666666667,2.3550520336076484,0
USHAMART,2025-09-25,2025-09-26,2025-10-08,451.72574999999995,435.8,445.87695,196,3.5255351283383645,3121.4469999999874,-1348.684448579981,-0.43207027015995675,-1.5232789153595747,7,ema9_close,6.679771963409223,-2.1308836168847862,1,avwap,96.45833333333333,3.603578424105249,0
HINDCOPPER,2025-10-08,2025-10-09,2025-10-14,344.12197499999996,331.7,331.53415,243,3.6097593011896367,3018.5399249999937,-3247.653579131244,-1.0759021446871373,-3.8837477739542714,3,stop,6.2123393892529055,-4.510602672206559,1,avwap,94.8024948024948,4.763757605147603,0
BANKBARODA,2025-10-08,2025-10-09,2025-10-17,263.3316,258.5,264.36775,624,1.834796887270643,3014.9183999999877,267.8805464400001,0.08885167387614909,0.16302477465674464,6,ema9_close,2.6842201999304223,-1.0373232836469144,2,"ema9,swing_high",80.66528066528068,2.131716304984407,0
VEDL,2025-10-08,2025-10-09,2025-10-17,178.94943,174.24,177.31130000000002,641,2.631709975270666,3018.7446299999983,-1312.6589271194928,-0.4348360288824741,-1.1443623148170903,6,ema9_close,2.2802922591035895,-2.268478865789078,2,"ema9,avwap",70.06237006237006,2.520973068338337,0
NATIONALUM,2025-10-08,2025-10-09,2025-11-04,226.363125,218.05,233.15336500000004,363,3.672473155687343,3017.664374999995,2273.031961249515,0.7532421365611671,2.766261526253466,17,ema9_close,6.514698451879028,-2.205803175760181,2,"avwap,swing_high",90.85239085239085,2.811690745206896,0
JSWENERGY,2025-10-09,2025-10-10,2025-10-17,544.2719999999999,532.55,540.5296,260,2.15370256048446,3047.719999999995,-1297.3796783999758,-0.4256886060399177,-0.9168066407972315,5,ema9_close,1.5484904606520473,-1.7219331510715108,4,"ema9,ema21,ema150,avwap",74.22037422037423,2.271065183019643,0
M&MFIN,2025-10-09,2025-10-10,2025-11-12,282.3411,272.0,309.80738491864406,59,3.6626265180662623,610.124899999999,1580.3335354982717,2.590180363886598,9.486863287345574,21,ema9_close,16.649683662775274,-1.53753739714125,4,"ema9,ema21,ema50,avwap",71.3097713097713,2.665116104447215,1
SAMMAANCAP,2025-10-09,2025-10-10,2025-10-24,162.431175,156.97,178.72529265,1,3.362147075522908,5.461174999999997,15.901787712202504,2.9117887107083202,9.7898618982486,9,partials_exhausted,16.695578912114627,-2.3648015844249066,1,ema9,95.21829521829522,4.360834737183572,1
PHOENIXLTD,2025-10-13,2025-10-14,2025-10-31,1638.819,1580.3,1681.7587,11,3.570803121028009,643.7090000000001,430.3313920950035,0.6685185263760541,2.38714804044866,12,ema9_close,5.136686845832273,-1.422914916168287,3,"ema9,ema21,avwap",80.04158004158003,2.2521336887228722,0
LTF,2025-10-13,2025-10-14,2025-11-20,268.13399999999996,254.93,294.445995930131,229,4.92440346990682,3023.7159999999885,5877.291626071812,1.9437313643450094,9.571717475147281,25,ema9_close,14.961176128353756,-2.5114308517383033,3,"ema9,avwap,swing_high",97.2972972972973,2.8231758403085863,1
HBLENGINE,2025-10-16,2025-10-17,2025-11-06,926.463,900.0,971.5419158596492,114,2.856347204367575,3016.781999999996,4890.167963530814,1.620988179964883,4.630105056155577,12,ema9_close,11.569485235783858,-1.1563332804440076,1,avwap,99.37759336099586,4.085146841474741,1
JSWENERGY,2025-10-16,2025-10-17,2025-10-17,551.77575,545.0,544.7275000000001,328,1.2279898128904752,2222.4460000000054,-2725.427025899972,-1.226318671364778,-1.50590683579333,0,stop_same_day,0.167504642964108,-2.723162444163234,2,"ema9,avwap",71.16182572614107,2.09534153870892,0
JKTYRE,2025-10-16,2025-10-17,2025-11-19,388.69424999999995,378.6,441.1031257316053,299,2.596964066229416,3018.1807499999795,15384.92801610468,5.097417713006348,13.237810631238819,21,ema9_close,22.46129187658424,-1.1176522420900057,2,"ema9,avwap",74.06639004149378,2.296567883247844,2
INDIANB,2025-10-17,2025-10-20,2025-11-21,784.3919999999999,756.5,853.8054818317755,107,3.555875123662651,2984.4439999999936,7225.662355860601,2.4211083725680953,8.609159033706256,22,ema9_close,14.081989617436193,-0.5599241195728589,3,"ema9,avwap,swing_high",95.22821576763485,2.5264556521624804,1
BHARATFORG,2025-10-23,2025-10-24,2025-12-03,1311.6554999999998,1265.0,1412.9042713846154,65,3.556993433107996,3032.60749999999,6377.509297089013,2.102978805232472,7.480281800177203,27,ema9_close,11.324962995237712,-2.642119062512973,3,"avwap,swing_high,gap_base",77.4327122153209,2.5251064166769175,1
CANBK,2025-10-30,2025-10-31,2025-11-21,134.317125,127.8,145.69711500000003,484,4.852043252116964,3154.2885000000033,5352.059234016011,1.6967564108406714,8.232735493705679,14,ema9_close,13.016117639504273,-2.320720459137296,3,"ema9,avwap,swing_high",90.89026915113871,2.3838472728516704,0
DELHIVERY,2025-11-03,2025-11-04,2025-11-06,474.73724999999996,462.1,461.86895000000004,253,2.661946160744694,3197.2242499999843,-3528.1854738899738,-1.1035151737917637,-2.937497980198499,1,stop,3.2149889228199475,-8.07546700832934,4,"ema9,ema21,ema50,avwap",74.32712215320912,2.7490369635578613,0
ANANDRATHI,2025-11-04,2025-11-06,2025-11-07,1575.2872499999999,1532.5,1531.73375,75,2.716155418638719,3209.0437499999894,-3534.493061249968,-1.101416289899438,-2.991617823987313,1,stop,0.5530896031819049,-2.8558124875320203,2,"ema9,ema21",87.37060041407867,3.434535882209252,0
AUBANK,2025-11-04,2025-11-06,2025-11-12,881.4404999999999,863.75,881.608975,122,2.006998770762171,2158.2409999999913,-226.80189134249864,-0.1050864529691075,-0.2109083819327554,4,ema9_close,4.703607333677098,-1.2014991369241557,2,"ema9,avwap",85.92132505175984,2.227522527938357,0
CUMMINSIND,2025-11-06,2025-11-07,2025-11-14,4402.09995,4244.2,4281.0584,19,3.586923327354255,3000.09905,-2489.5164599474965,-0.8298114223753701,-2.97646994822323,5,ema9_close,2.110357580590604,-3.4324515961978515,2,"ema9,avwap",93.16770186335404,2.0060662589812375,0
PTCIL,2025-11-17,2025-11-18,2025-11-19,17455.7235,16950.0,17222.3845,6,2.8971786818231857,3034.3410000000003,-1639.3129451999996,-0.5402533680954116,-1.565210540829201,1,ema9_close,0.22500642840727822,-1.946201198707115,3,"ema9,ema21,avwap",90.70247933884298,2.753020424433205,0
SAMMAANCAP,2025-11-17,2025-11-18,2025-11-19,184.81235999999998,175.77,175.682115,355,4.892724707373454,3210.0377999999905,-3388.4088444187423,-1.0555666492210005,-5.164597024922997,1,stop,0.10153000589355389,-14.913699494990482,3,"ema9,ema21,avwap",98.96694214876032,3.341638920210677,0
ADANIGREEN,2025-11-17,2025-11-18,2025-11-19,1093.0462499999999,1065.4,1064.8673000000001,68,2.529284556806245,1879.9449999999852,-2084.917439609975,-1.1090310831487047,-2.805055191626122,1,stop,0.38001594168592345,-3.7369187259916856,3,"ema9,ema21,avwap",84.29752066115702,3.648903271814279,0
NAVINFLUOR,2025-11-18,2025-11-19,2025-11-21,6063.03,5955.0,5952.0225,26,1.7817823761386593,2808.7799999999934,-3245.445069750007,-1.1554643189391887,-2.0587859597429055,2,stop,0.3541133723567301,-3.46410952939371,2,"ema9,avwap",89.07216494845362,2.942018080559372,0
M&MFIN,2025-11-18,2025-11-19,2025-12-03,324.512175,312.75,360.17956828090405,271,3.624571250678041,3187.549425000004,9452.479397331506,2.965437750767267,10.74844041710639,10,ema9_close,19.255926222182566,-1.0206627840696654,3,"ema9,avwap,swing_high",93.81443298969072,2.725357328572419,2
FEDERALBNK,2025-11-18,2025-11-19,2025-12-24,246.87337499999998,239.0,262.9353887611111,405,3.189236182314104,3188.7168749999923,6267.67214152826,1.9655781266338597,6.268692880625879,25,ema9_close,9.813381050103132,-1.2246662889426574,3,"ema9,avwap,swing_high",92.57731958762886,2.0335155169871557,1
AWL,2025-11-19,2025-11-20,2025-11-21,277.13849999999996,267.3,267.16635,206,3.550030039132042,2026.7309999999904,-2183.208718964994,-1.077206949992379,-3.824117030834753,1,stop,2.078924436698614,-3.856735891981799,5,"ema9,ema21,ema50,ema150,avwap",73.60824742268042,2.1654324477989264,0
SHRIRAMFIN,2025-11-20,2025-11-21,2025-11-21,829.11435,816.5,816.09175,230,1.5214246382299312,2901.3004999999876,-3430.3550134499746,-1.1823508159358154,-1.798857662396012,0,stop_same_day,0.3480400502053855,-2.2330273260859523,2,"ema9,avwap",97.52577319587628,2.7116290681010957,0
AWL,2025-11-20,2025-11-21,2025-11-21,280.84035,273.45,273.313275,430,2.631512886235903,3177.850500000005,-3510.6712175625044,-1.1047313955022424,-2.907114903093523,0,stop_same_day,0.7333882043659241,-5.12403221260763,2,"ema9,avwap",70.10309278350515,2.2011192559624218,0
PHOENIXLTD,2025-11-20,2025-11-21,2025-11-21,1723.76145,1698.0,1697.151,32,1.4944904354369897,824.366399999999,-977.4239781599969,-1.1856669293653868,-1.7719678855505154,0,stop_same_day,0.18207565785858149,-2.237052580564435,1,ema21,84.5360824742268,2.3647726523734125,0
CANFINHOME,2025-12-24,2025-12-26,2025-12-26,948.97425,922.0,921.539,116,2.8424638497830665,3129.012999999998,-3432.015467549987,-1.0968364361381653,-3.117717918847629,0,stop_same_day,2.373694544398862,-3.379886229789692,3,"ema9,avwap,swing_high",95.05154639175257,2.385142903482916,0
GESHIP,2025-12-24,2025-12-26,2025-12-26,1113.2563499999999,1097.0,1096.4515000000001,169,1.4602521692330688,2747.32314999998,-3269.476370647473,-1.190058901752237,-1.7377860927988276,0,stop_same_day,0.533897695710441,-1.729731880711921,3,"ema9,ema21,avwap",76.28865979381443,2.5671951799788504,0
CUB,2025-12-24,2025-12-26,2025-12-29,223.54171499999998,215.51,215.402245,392,3.5929378997562007,3148.4322799999964,-3388.5481771679997,-1.0762652252974625,-3.866954118160899,1,stop,0.9565485350239982,-4.380262985814525,1,avwap,99.79381443298969,3.195613410504512,0
PNBHOUSING,2025-12-24,2025-12-26,2026-01-08,969.934725,928.5,979.0602250000002,76,4.271908607045692,3149.039099999997,523.195841370015,0.16614459990986316,0.7097545463691073,9,ema9_close,4.723542091969136,-4.240978690602091,3,"ema9,avwap,swing_high",80.41237113402062,2.9488784888989796,0
ABCAPITAL,2025-12-31,2026-01-01,2026-01-09,359.82982499999997,349.05,353.67307500000004,287,2.9958119786207162,3093.8097749999883,-2002.4788821449765,-0.6472533955792367,-1.93904947567921,6,ema9_close,2.6318482632727864,-2.328830024025933,4,"ema9,ema21,avwap,swing_high",94.02061855670102,2.407901491686647,0
LTF,2025-12-31,2026-01-01,2026-01-08,316.7583,302.45,307.14635000000004,216,4.517103419231645,3090.5928000000067,-2231.1591150600066,-0.7219194696434942,-3.2609849047365227,5,ema9_close,4.006745837441343,-3.7120732116569712,4,"ema9,ema21,avwap,swing_high",96.28865979381443,2.7024099226958755,0
BPCL,2025-12-31,2026-01-01,2026-01-06,386.59319999999997,369.0,368.81550000000004,175,4.5508301749746165,3078.8099999999945,-3263.123500874989,-1.059865175465519,-4.82326642191325,3,stop,0.40269720212357846,-5.844179359595557,3,"ema9,avwap,swing_high",82.2680412371134,2.165067622613075,0
ICICIPRULI,2025-12-31,2026-01-01,2026-01-14,669.83475,654.8,668.915375,205,2.2445461361925507,3082.123750000006,-504.0822169687384,-0.16355028475697558,-0.3670961597244609,9,ema9_close,5.518562600701145,-0.6023500572342613,3,"ema9,avwap,swing_high",81.44329896907216,2.060315567800271,0
INDUSTOWER,2026-01-01,2026-01-02,2026-01-13,440.069925,421.05,427.68605,163,4.322023369354313,3100.2477750000003,-2181.232482513747,-0.7035671471496329,-3.040833651890658,7,ema9_close,3.3812978698782956,-3.856188309164736,3,"ema9,avwap,swing_high",95.05154639175257,2.661453356043666,0
3MINDIA,2026-01-01,2026-01-02,2026-01-06,36088.034999999996,34750.0,35002.490000000005,2,3.7076970247895082,2676.0699999999924,-2334.598207499982,-0.872398034244242,-3.2345875959995913,2,ema9_close,3.372211870222371,-3.2366267656302057,4,"ema9,ema21,avwap,swing_high",92.78350515463917,2.4846586341409944,0
MUTHOOTFIN,2026-01-01,2026-01-02,2026-01-08,3846.8224499999997,3766.5,3851.8731000000002,6,2.0880207247412645,481.934699999998,-22.817099294997384,-0.0473447944192387,-0.09885691195598498,4,ema9_close,3.8519466891434035,-1.2769617168060317,3,"ema9,ema21,avwap",94.63917525773195,2.023908886750776,0
CUB,2026-01-05,2026-01-06,2026-01-07,220.08998999999997,215.59,215.48220500000002,2,2.0446136600760303,8.999979999999937,-10.2173860484999,-1.1352676393169732,-2.321183723189751,1,stop,0.9359853212770077,-2.862460941544853,1,ema9,97.73195876288659,3.1442011066069915,0
BHARATFORG,2026-01-05,2026-01-06,2026-01-07,1494.7469999999998,1465.9,1465.1670500000002,91,1.9298918144675825,2625.0769999999775,-3001.530455332457,-1.1434066335320765,-2.2066511026614894,1,stop,0.7862869100924877,-2.0503135313200005,3,"ema9,avwap,swing_high",92.16494845360825,2.017096844499796,0
MOTHERSON,2026-01-05,2026-01-06,2026-01-06,122.811375,120.33,120.269835,4,2.02047652344907,9.9255,-11.28433356599999,-1.1369032860813049,-2.297086398959378,0,stop_same_day,0.11287635204801238,-2.3380366843055054,2,"ema9,avwap",85.36082474226804,2.0977630457866683,0
MCX,2026-01-06,2026-01-07,2026-01-09,2271.1349999999998,2190.0,2188.905,38,3.572442853463126,3083.129999999991,-3319.6437479999763,-1.0767122203734472,-3.8464928769095357,2,stop,2.944122652330236,-4.276936421656998,3,"ema9,avwap,swing_high",98.55670103092784,2.8538928084932045,0
INDIACEM,2026-01-06,2026-01-07,2026-01-20,459.17947499999997,447.05,459.1703,102,2.641554263722253,1237.2064499999956,-108.65827860749438,-0.08782550285564286,-0.2319958315318743,8,ema9_close,5.797411785446215,-2.380218540909297,3,"ema9,avwap,swing_high",87.42268041237114,3.3811061499544692,0
BELRISE,2026-01-07,2026-01-08,2026-01-08,184.84237499999998,180.0,179.91,34,2.619732082537879,164.64074999999917,-181.96256786249998,-1.1052097847130853,-2.8953535309476517,0,stop_same_day,0.4477463568621708,-4.686357768341794,1,ema9,85.15463917525773,3.7381191364759836,0
RAMCOCEM,2026-01-07,2026-01-08,2026-01-14,1082.84115,1053.9,1063.8678000000002,106,2.6727050408086064,3067.7618999999872,-2272.858921004964,-0.7408850475015591,-1.980167201117141,4,ema9_close,2.0371270522920355,-1.9708477092877388,3,"ema9,ema21,avwap",71.34020618556701,2.2296134404370584,0
NMDC,2026-01-07,2026-01-08,2026-01-08,86.4432,83.75,83.70812500000001,568,3.1155718437077806,1529.7376000000027,-1664.6654454899965,-1.0882032614547708,-3.390375441619461,0,stop_same_day,0.320210265237745,-5.949802876339616,2,"ema9,avwap",84.3298969072165,2.4264525491748055,0
TATASTEEL,2026-02-09,2026-02-10,2026-03-04,206.44316999999998,197.55,197.45122500000002,336,4.307805387797509,2988.1051199999897,-3177.358314227992,-1.0633355208828807,-4.580642485895744,15,stop,4.847256511319813,-5.819117193366083,2,"avwap,swing_high",87.83505154639175,3.1088124147925336,0
GRASIM,2026-02-09,2026-02-10,2026-02-19,2944.4714999999997,2846.5,2862.8678500000005,30,3.3273033887405488,2939.1449999999895,-2648.462707574977,-0.9010997101452927,-2.9982321191595585,7,ema9_close,1.1726552625827935,-3.3137186079063667,3,"ema9,avwap,swing_high",77.7319587628866,2.2781455828593655,0
ULTRACEMCO,2026-02-09,2026-02-10,2026-02-19,13077.5355,12722.0,12715.639000000001,8,2.718673560473225,2844.2839999999997,-3132.4692053999916,-1.1013208264012988,-2.9941318123357337,7,stop,0.24824631521742033,-3.368643120869365,3,"ema9,avwap,swing_high",87.62886597938144,2.4978390491997238,0
BAJAJ-AUTO,2026-02-09,2026-02-10,2026-02-16,9631.31325,9505.0,9692.65125,18,1.3114852224331843,2273.6384999999864,704.0779348500025,0.3096701321912022,0.4061278021976924,4,ema9_close,3.1012048123344016,-0.5068182160932129,3,"ema9,ema21,avwap",84.74226804123711,2.4261318088592434,0
NTPC,2026-02-10,2026-02-11,2026-02-13,369.18449999999996,361.25,362.81850000000003,378,2.149196404507762,2999.2409999999836,-2724.549704099969,-0.9084130632049855,-1.9523580892480372,2,ema9_close,0.7626268166729773,-1.8376990366605241,2,"ema9,avwap",89.27835051546393,2.736470976651386,0
ASHOKLEY,2026-02-10,2026-02-11,2026-02-11,211.10549999999998,204.92,204.81754,102,2.9300515618967724,630.920999999999,-690.1596925919978,-1.093892409021096,-3.205161161599285,0,stop_same_day,2.0437648474341077,-4.047976011993992,1,avwap,99.58762886597938,3.304862257785276,0
NAM-INDIA,2026-02-11,2026-02-12,2026-02-13,952.9762499999999,909.0,908.5455000000001,1,4.614621822946788,43.976249999999936,-46.571500012499875,-1.0590148094141711,-4.886952850346467,1,stop,2.1956213494302763,-5.564278228339887,2,"ema9,avwap",84.3298969072165,4.007653688030803,0
SUNDARMFIN,2026-02-11,2026-02-12,2026-02-12,5379.688499999999,5242.0,5239.379,3,2.5594139883749647,413.0654999999979,-457.5642828749982,-1.10772815177012,-2.8351349269571915,0,stop_same_day,3.2587667482978007,-2.5687082068041542,2,"ema9,ema21",90.72164948453609,3.6872705711499023,0
ONGC,2026-02-11,2026-02-12,2026-02-13,276.138,266.35,266.21682500000003,1,3.544604509339517,9.787999999999954,-10.544883048749949,-1.0773276510778502,-3.8187004500466974,1,stop,1.5072174057898713,-3.671352729432371,2,"ema9,avwap",83.09278350515464,3.2594458203365724,0
TVSMOTOR,2026-02-11,2026-02-12,2026-02-20,3890.9444999999996,3759.6,3814.2919,1,3.3756456819160414,131.3444999999997,-85.51362185999943,-0.6510635912428737,-2.1977600004317575,6,ema9_close,0.33296542780295335,-2.6714464829811817,2,"ema9,swing_high",88.04123711340206,2.8992617979851123,0
ASHOKLEY,2026-02-12,2026-02-13,2026-02-13,212.45617499999997,204.63,204.52768500000002,382,3.6836655842081214,2989.5988499999917,-3211.864189697978,-1.0743462085884823,-3.957532154101872,0,stop_same_day,0.19478134725904353,-4.074334389198131,2,"ema9,avwap",99.58762886597938,3.6102237699836666,0
BEL,2026-02-12,2026-02-13,2026-02-13,445.17247499999996,434.6,434.38270000000006,179,2.374916598336396,1892.4730249999893,-2112.4261577737325,-1.1162252406602966,-2.6509418515261762,0,stop_same_day,0.2308150341056072,-2.779254265439469,2,"ema9,avwap",79.17525773195877,3.649263622571497,0
FEDERALBNK,2026-02-17,2026-02-18,2026-03-02,291.195525,282.6,294.802525,340,2.9518053204972685,2922.478499999984,997.2547624500046,0.34123596202675577,1.0072621282555814,8,ema9_close,3.710384972433914,-1.4236224955723458,3,"ema9,ema21,avwap",95.05154639175257,2.534447772814745,0
ASHOKLEY,2026-02-17,2026-02-18,2026-02-19,208.60424999999998,203.86,203.75807000000003,487,2.274282523007065,2310.4497499999834,-2591.0331773159833,-1.1214410429467259,-2.5504737645565543,1,stop,0.5013080989481407,-3.031697580466357,2,"ema9,avwap",99.38144329896907,3.502616382912966,0
BAJAJ-AUTO,2026-02-17,2026-02-18,2026-02-19,9873.9345,9632.5,9724.1355,12,2.4451701598790168,2897.2139999999927,-2068.0413659999886,-0.7138034560098059,-1.7453709106536919,1,ema9_close,1.8793470829688061,-1.7514244195158426,3,"ema9,ema21,avwap",87.42268041237114,2.37001687964685,0
VEDL,2026-02-18,2026-02-19,2026-03-04,255.88787999999997,250.09,263.8364321697638,508,2.265789219872377,2945.3230399999816,3734.2415590704295,1.2678546659759442,2.872691434533188,8,ema9_close,7.980886003666939,-1.9726921024942499,2,"ema9,ema21",98.96907216494846,4.038632480414713,1
TORNTPOWER,2026-02-18,2026-02-19,2026-03-04,1535.7675,1473.6,1472.8632,47,4.047976011994004,2921.872500000001,-3119.118589334998,-1.0675067407407397,-4.321241679160417,8,stop,4.508006583027708,-4.529819780663416,2,"avwap,swing_high",94.02061855670102,3.7247220019156577,0
VTL,2026-02-18,2026-02-19,2026-03-13,514.0568999999999,498.0,536.481625,139,3.1235647260059984,2231.90909999999,2949.108191778765,1.321338844748999,4.12728740655949,15,ema9_close,7.381108978402992,-2.7150496375012003,2,"ema9,avwap",87.62886597938144,5.403666437897168,0
AXISBANK,2026-02-18,2026-02-19,2026-02-19,1381.79055,1353.8,1353.1231,105,2.0256724146796334,2939.0077499999984,-3340.3230732374777,-1.1365478955397377,-2.3022737199570362,0,stop_same_day,0.07305376346654095,-2.228308045673054,3,"ema9,avwap,swing_high",84.3298969072165,2.657957364644059,0
ADANIPOWER,2026-04-09,2026-04-10,2026-05-11,173.68679999999998,167.55,214.81925305970145,469,3.533256413268001,2878.1591999999837,19081.579745282244,6.629786060924758,23.424734118357197,19,ema9_close,34.955563692808,-1.9154017461315362,1,avwap,94.43298969072164,4.258676814639909,2
EMCURE,2026-04-09,2026-04-10,2026-04-13,1615.8075,1566.1,1565.31695,58,3.076325614282641,2883.034999999999,-3140.632900815,-1.0893495572599712,-3.3511939459063043,1,stop,2.7907099082038056,-4.5059513586859765,2,"ema9,avwap",84.94845360824742,4.209541050236051,0
DELHIVERY,2026-04-09,2026-04-10,2026-04-13,475.18747499999995,457.05,456.82147499999996,159,3.8169093156337803,2883.85852499999,-3090.6118365074885,-1.0716932920651852,-4.090556109985839,1,stop,0.0,-4.490327738541495,1,avwap,92.16494845360825,3.297440838454981,0
AUROPHARMA,2026-04-09,2026-04-10,2026-04-29,1347.37335,1321.6,1400.3714261810812,111,1.9128588226863892,2860.841850000018,5532.036835420491,1.9337094203304026,3.698913125190794,12,ema9_close,8.321869361598985,-1.0667681678578589,2,"ema9,avwap",89.07216494845362,2.879302673851991,1
CCL,2026-04-10,2026-04-13,2026-04-13,1087.5435,1057.4,1056.8713000000002,95,2.771705223745064,2863.6324999999906,-3148.136316899968,-1.0993506732794722,-3.047076003856367,0,stop_same_day,1.4947907830813167,-3.6728186044972073,1,ema21,92.78350515463917,3.9134817549911958,0
THERMAX,2026-04-10,2026-04-13,2026-04-29,3666.8325,3530.0,4000.4744764285715,21,3.7316266832477343,2873.4824999999996,6821.316041519249,2.373884664868935,8.858451358377524,11,ema9_close,17.40378105626587,-3.5243633299312163,1,avwap,93.6082474226804,4.008658244471238,1
STARHEALTH,2026-04-13,2026-04-15,2026-05-11,477.2385,459.05,527.8435512929937,157,3.81119712680347,2855.5944999999965,7763.525488639052,2.718707256453625,10.361529284415802,17,ema9_close,22.84214286986486,-0.4690526853973407,5,"ema9,ema21,ema50,ema150,avwap",80.20618556701031,3.3720781953844052,2
LINDEINDIA,2026-04-13,2026-04-15,2026-04-20,7303.65,6944.5,7061.467500000001,7,4.917404311542854,2514.0499999999975,-1810.9166958749893,-0.720318488444936,-3.5420972407631597,3,ema9_close,2.1954776036639316,-4.03428422774914,3,"ema9,ema21,avwap",95.6701030927835,4.666073779976449,0
CIEINDIA,2026-04-13,2026-04-15,2026-04-22,492.246,471.15,470.914425,136,4.285662047025268,2869.0560000000005,-3051.732490469992,-1.063671287862625,-4.558535668903342,5,stop,2.1745224948501374,-5.311571856348252,2,"ema9,avwap",92.78350515463917,4.125872891059884,0
BELRISE,2026-04-13,2026-04-15,2026-04-24,207.9039,199.24,212.65362,331,4.167261893596024,2867.7508999999945,1412.0721000119984,0.4923970558293613,2.051947487276571,7,ema9_close,8.848366961851127,-0.6993134808918949,2,"avwap,swing_high",87.01030927835052,4.057814099109612,0
J&KBANK,2026-04-16,2026-04-17,2026-04-23,133.0665,127.08,127.82605500000001,122,4.498878380358687,730.352999999999,-675.9375154664989,-0.9254942684790777,-4.163686155606401,4,ema9_close,1.4530328820552256,-4.220821919867134,2,"avwap,swing_high",95.05154639175257,4.534246880480106,0
VTL,2026-04-17,2026-04-20,2026-05-07,560.0799,544.0,604.4865628983607,122,2.871001083952478,1961.7477999999942,5254.224198855371,2.678338264916309,7.68951206176612,12,ema9_close,15.519232166696227,-2.4514180923114597,3,"ema9,ema21,avwap",94.63917525773195,3.634768532400938,2
GRANULES,2026-04-21,2026-04-22,2026-06-08,671.3855249999999,652.2,760.5171870088582,127,2.8576018227381166,2436.5616749999836,11110.591684036111,4.559946829187562,13.030512370675273,31,ema9_close,19.79704209440621,-0.6680997479056373,3,"ema9,avwap,swing_high",77.7319587628866,3.5556388260426197,2
CUMMINSIND,2026-04-22,2026-04-23,2026-05-11,5237.617499999999,5079.4,5235.88075,3,3.0207914189991873,474.65249999999924,-41.34381896249644,-0.08710334183954895,-0.2631210275950624,11,ema9_close,4.4463441631619816,-2.587388254296897,3,"ema9,avwap,swing_high",91.54639175257732,3.270351225597942,0
APOLLOHOSP,2026-04-23,2026-04-24,2026-04-30,7818.907499999999,7601.0,7597.199500000001,9,2.7869302712687083,1961.167499999994,-2154.9287074499885,-1.098798908022897,-3.062275938806013,4,stop,0.7621589077502335,-3.2921159381921257,3,"ema9,ema21,swing_high",71.75257731958763,2.386346483553501,0
DMART,2026-04-28,2026-04-29,2026-05-04,4602.800249999999,4480.0,4477.76,25,2.6679465397178457,3070.006249999983,-3387.072357187477,-1.1032786520182152,-2.943488461996566,2,stop,0.8060256362417708,-5.470588257659003,2,"ema9,avwap",83.09278350515464,3.1050556188996756,0
WAAREEENER,2026-04-28,2026-04-29,2026-04-30,3483.741,3372.0,3298.3500000000004,27,3.2075002131329504,3017.0069999999996,-5216.140925549986,-1.7289124372432634,-5.545487010945977,1,stop_gap,1.4886009034540721,-11.015198891077148,3,"ema9,avwap,gap_base",91.1340206185567,3.170136772457257,0
BALRAMCHIN,2026-04-29,2026-04-30,2026-05-20,518.7092250000001,500.25,530.484625,166,3.558684540457143,3064.23135000001,1754.4252940349902,0.5725498807506765,2.037524409268013,13,ema9_close,8.615766376624578,-1.9296408310455768,2,"ema9,ema21",81.44329896907216,3.7906960558081892,0
MCX,2026-04-29,2026-04-30,2026-05-22,2982.39045,2862.0,3280.045045056,25,4.036709881497907,3009.761249999997,7261.319855917148,2.412589987301204,9.738925841741677,15,ema9_close,16.68492299524364,-3.869059130067953,2,"avwap,swing_high",87.42268041237114,3.2002298594491165,1
SAIL,2026-04-30,2026-05-04,2026-05-11,185.49269999999999,179.7,180.62964,495,3.1228722208475035,2867.3864999999983,-2615.6298420449966,-0.9121999570148629,-2.848683905620002,5,ema9_close,2.6994593318227658,-3.009660218434462,3,"ema9,avwap,gap_base",77.11340206185568,3.2686682166367733,0
SONACOMS,2026-04-30,2026-05-04,2026-05-04,614.307,586.15,585.856925,107,4.5835388494677805,3012.799000000004,-3191.838195971247,-1.059426200012428,-4.855921145900986,0,stop_same_day,0.0,-7.21251751974176,3,"ema9,avwap,swing_high",84.3298969072165,3.697079492425112,0
BHARATFORG,2026-05-06,2026-05-07,2026-05-12,1905.9524999999999,1831.2,1912.0435000000002,40,3.922054720671152,2990.099999999993,68.01218400001397,0.022745789104048068,0.08921022953092218,3,ema9_close,7.242966443287543,-2.6156213231966676,3,"ema9,ema21,avwap",90.10309278350516,3.0876865972709338,0
SAILIFE,2026-05-08,2026-05-11,2026-05-12,1124.562,1080.0,1079.46,68,3.962609442609647,3030.215999999993,-3239.290520399987,-1.0689965733135838,-4.236015915529763,1,stop,1.3194470380468302,-4.593966362014697,1,avwap,89.69072164948454,3.3765229557871357,0
CARBORUNIV,2026-05-08,2026-05-11,2026-05-13,1038.068775,1001.0,1000.4995,82,3.5709363283757343,3039.6395499999967,-3272.91753833249,-1.0767452799896928,-3.8449888367222953,2,stop,1.1493674877177682,-3.6672690593164248,1,avwap,91.34020618556701,3.3057460582680336,0
CPPLUS,2026-05-08,2026-05-11,2026-05-15,2528.56365,2422.2,2420.9889,28,4.206484974186837,2978.1822000000066,-3171.468592110008,-1.0649007948909242,-4.47948919270829,4,stop,1.397487067410779,-7.02231284547652,1,avwap,99.38144329896907,5.402073387956178,0
ANTHEM,2026-05-11,2026-05-12,2026-05-15,790.645125,763.8,782.90835,113,3.39534440309109,3033.4991250000057,-1078.7388490762382,-0.35560875563998595,-1.2074141981524134,3,ema9_close,4.427381374165805,-1.8712725257112013,2,"ema9,avwap",90.51546391752578,3.2188303165345635,0
WELCORP,2026-05-11,2026-05-12,2026-05-18,1342.8711,1276.1,1297.25105,45,4.97226427763619,3004.699500000007,-2189.528571262499,-0.7287013464283181,-3.6232956739109192,4,ema9_close,2.571274338989042,-4.89779696651452,2,"avwap,swing_high",99.17525773195877,4.032553051060527,0
VEDL,2026-05-11,2026-05-12,2026-06-01,301.700775,294.2,335.3218512385671,164,2.48616365006024,1230.1271000000054,5393.71403581641,4.384680278823534,10.90103272634707,13,ema9_close,19.32352510529678,-1.1934921280861803,2,"ema9,swing_high",80.82474226804123,3.985588728520459,2
VTL,2026-05-12,2026-05-13,2026-05-18,618.309,600.05,599.749975,132,2.953054217227958,2410.188000000002,-2634.692652405012,-1.093148191097545,-3.228125875775719,3,stop,2.481121898597628,-5.055562833470006,2,"ema9,avwap",91.54639175257732,4.311043523309972,0
ONESOURCE,2026-05-14,2026-05-15,2026-05-25,1850.82495,1760.1,1805.8966,33,4.9018655167794245,2993.923350000001,-1621.408132822499,-0.5415663473223182,-2.654685402987461,6,ema9_close,3.618659344310231,-3.9887591746588433,2,"ema9,avwap",99.17525773195877,4.914777676149718,0
APARINDS,2026-05-14,2026-05-15,2026-05-18,12805.3995,12350.0,12343.825000000003,6,3.5563084150556925,2732.396999999997,-2942.9766490499856,-1.077067735416921,-3.830385051048174,1,stop,1.7070962916853978,-6.984549759654115,3,"ema9,avwap,swing_high",94.22680412371133,4.156161566584669,0
GODREJIND,2026-05-15,2026-05-18,2026-05-21,1155.47745,1098.5,1110.894275,52,4.931074163325307,2962.8274000000047,-2453.8541291549946,-0.8282136614353541,-4.083982987616928,3,ema9_close,5.1340292274851285,-4.325263985030617,1,ema9,73.19587628865979,5.404749237557754,0
POWERINDIA,2026-05-15,2026-05-18,2026-05-27,32711.3475,31195.0,37241.759805,1,4.6355397007108925,1516.3474999999999,4449.966231599252,2.9346612380072856,13.603738676920146,7,partials_exhausted,15.23524061489671,-2.1593347690736366,2,"ema9,ema21",98.35051546391752,3.537622565369923,1
ANTHEM,2026-05-18,2026-05-19,2026-05-20,800.1999,766.3,765.91685,87,4.236428922323035,2949.2913000000003,-3139.315330837502,-1.0644304042932287,-4.509383750547835,1,stop,2.4306551400468805,-4.373894573093537,4,"ema9,ema21,avwap,swing_high",86.18556701030928,3.265266947861638,0
VTL,2026-05-19,2026-05-20,2026-05-25,615.8077499999999,590.3,601.0993,118,4.142161250812448,3009.9144999999985,-1900.731386684999,-0.6314901591673119,-2.6157340675722245,3,ema9_close,1.7850132610380456,-3.898578736626817,3,"ema9,ema21,avwap",93.6082474226804,4.004298124560227,0
APARINDS,2026-05-19,2026-05-20,2026-05-25,12399.1965,11864.0,12473.76,5,4.31638050094617,2675.9825,229.79800012500465,0.0858742537086863,0.3706659542414779,3,ema9_close,6.047194267789848,-2.0823647725882886,2,"ema21,avwap",94.22680412371133,4.176294319471968,0
WELCORP,2026-05-20,2026-05-21,2026-05-22,1335.6675,1272.5,1271.86375,47,4.7292832984256945,2968.872500000001,-3139.7133140624956,-1.0575440050263172,-5.00142520032118,1,stop,1.6495497569567297,-6.249122629696387,2,"ema9,avwap",99.58762886597938,3.879714697701462,0
THERMAX,2026-05-21,2026-05-22,2026-05-22,4623.21045,4449.7,4447.47515,17,3.753029455970359,2949.677649999996,-3164.8320034799904,-1.07294164956635,-4.026781615359938,0,stop_same_day,0.27663785021943826,-4.360832200489581,2,"ema9,avwap",98.96907216494846,4.222368991968986,0
J&KBANK,2026-05-21,2026-05-22,2026-06-24,141.36064499999998,135.6,159.33418005650003,520,4.075140573955349,2995.5353999999907,9166.42272399623,3.0600281752625116,12.47004497445881,22,ema9_close,18.243659683358146,-1.7336119257237215,2,"avwap,gap_base",95.4639175257732,4.159514603574759,1
LLOYDSME,2026-05-21,2026-05-22,2026-06-03,1721.8605,1651.0,1791.9036000000003,42,4.115345000364432,2976.141,2772.095393970007,0.9314395366247792,3.8331950401905472,7,ema9_close,9.6836822727509,-0.8049722959554506,2,"ema9,ema21",97.52577319587628,3.3731920732746836,0
RAINBOW,2026-05-22,2026-05-25,2026-05-25,1365.6825,1322.0,1321.3390000000002,67,3.1985838582540156,2926.7274999999927,-3178.0495065749756,-1.0858713380644367,-3.473250534073596,0,stop_same_day,0.821384179705034,-3.5280894351359042,3,"ema9,avwap,swing_high",77.31958762886599,2.7295670478314094,0
NAVINFLUOR,2026-05-22,2026-05-25,2026-05-29,7198.5975,7031.0,7027.4845000000005,17,2.328196568845527,2849.1574999999975,-3187.0409030999876,-1.1185906370918386,-2.6042988832199505,3,stop,4.5342512899214,-3.1755838550495383,3,"ema9,avwap,swing_high",76.49484536082474,2.8423873065140604,0
MAHABANK,2026-05-22,2026-05-25,2026-05-29,81.0405,79.01,78.97049500000001,1,2.5055373547793875,2.0304999999999893,-2.2540176442499806,-1.1100801005909837,-2.7813471588279697,3,stop,1.4307660984322759,-3.2582474195001083,2,"ema9,gap_base",87.21649484536083,2.9109992730547445,0
SAIL,2026-05-22,2026-05-25,2026-06-04,202.50119999999998,195.6,197.21134500000002,413,3.407979804564116,2850.1955999999955,-2374.5535882477297,-0.8331195193227207,-2.8392544966399957,7,ema9_close,2.9376616039806294,-3.324029684762351,2,"ema9,avwap",91.54639175257732,3.7154597585127056,0
HINDZINC,2026-05-26,2026-05-27,2026-05-29,650.4250499999999,629.65,632.6335250000001,142,3.194072860508673,2950.057099999995,-2735.920015297476,-0.9274125627254742,-2.962223297096234,1,ema9_close,1.4490447438947933,-3.1402618948947207,3,"ema9,ema21,avwap",73.19587628865979,2.566217116371061,0
WELCORP,2026-05-27,2026-05-29,2026-06-08,1380.6899999999998,1319.0,1345.9267,48,4.468055827158873,2961.1199999999917,-1819.1476418399961,-0.6143444513697524,-2.7449253058253427,6,ema9_close,3.3541200414285726,-3.3092149577385044,3,"ema9,avwap,swing_high",99.58762886597938,3.612082553610827,0
PREMIERENE,2026-05-27,2026-05-29,2026-06-10,1060.53,1015.8,1065.36705,66,4.217702469519959,2952.180000000001,157.8897139050096,0.053482414319252054,0.22557291095019902,8,ema9_close,4.089464701611476,-2.831603066391324,2,"avwap,swing_high",94.43298969072164,3.059525379126874,0
OFSS,2026-05-27,2026-05-29,2026-05-29,10385.69025,9911.0,9906.0445,6,4.570618211919036,2848.141499999998,-3017.887469774998,-1.0595988541211876,-4.843021819974842,0,stop_same_day,1.9142661220808155,-4.676533175057861,2,"avwap,swing_high",97.73195876288659,3.048843185001373,0
POWERINDIA,2026-05-27,2026-05-29,2026-06-02,37768.875,35985.0,35967.0075,1,4.723135121181131,1783.875,-1886.6637648750002,-1.0576210580197605,-4.995287164033878,2,stop,2.6903766659716553,-7.807685561192912,2,"avwap,swing_high",98.55670103092784,4.098396212779108,0
NEULANDLAB,2026-05-29,2026-06-01,2026-06-04,17178.585,16675.0,16851.57,5,2.9314696175499853,2517.9249999999956,-1830.7483912499824,-0.727086148813005,-2.131430954586752,3,ema9_close,2.94212241578687,-2.7568335808799134,2,"ema9,avwap",92.37113402061856,4.500890413839302,0
CPPLUS,2026-06-01,2026-06-02,2026-07-01,3195.3969,3047.5,3578.8581257750006,16,4.628435985526561,2366.350400000003,6010.733319925744,2.5400859145483,11.756625053224498,20,ema9_close,18.51422901486822,-2.544187859730357,1,avwap,99.79381443298969,4.839266629010184,1
KEI,2026-06-02,2026-06-03,2026-06-08,5301.6494999999995,5067.5,5145.426,12,4.416540550257039,2809.7939999999944,-2018.8516418999861,-0.7185052149374617,-3.173307417342449,3,ema9_close,1.8173683492279196,-3.6714894109842504,4,"ema9,ema21,avwap,swing_high",71.54639175257732,3.6707673182325826,0
SUZLON,2026-06-03,2026-06-04,2026-06-08,55.067519999999995,53.25,54.402785,1614,3.300529967574343,2933.4772799999914,-1276.070123110494,-0.4350025588439184,-1.4357389814358743,2,ema9_close,1.911253675487842,-2.2654370489173914,2,"ema9,ema21",88.65979381443299,3.590294913764237,0
SYRMA,2026-06-03,2026-06-04,2026-07-03,1215.4073999999998,1156.7,1396.5119661428569,49,4.830265144016713,2876.662599999989,8726.942084717852,3.033703738741514,14.65359342651632,20,ema9_close,24.87170968351849,-2.880301699660521,2,"avwap,swing_high",96.70103092783505,4.833369488602129,2
ADANIPORTS,2026-06-05,2026-06-08,2026-06-08,1828.81395,1796.7,1795.80165,91,1.7559987444321459,2922.369449999994,-3383.4353225399914,-1.157771247074869,-2.033044856203109,0,stop_same_day,0.21795820181708356,-2.034868008306699,2,"ema9,avwap",83.91752577319588,2.541723674713147,0
CAPLIPOINT,2026-06-05,2026-06-08,2026-06-08,2049.7243499999995,2015.2,2014.1924000000004,79,1.684341116404236,2727.423649999957,-3176.230886737449,-1.1645535473513617,-1.961505422058306,0,stop_same_day,4.794578841784288,-2.3527236723318192,2,"ema9,avwap",83.29896907216495,3.6870185963668476,0
YESBANK,2026-06-05,2026-06-08,2026-06-10,23.411699999999996,22.72,22.70864,38,2.9545056531563167,26.284599999999898,-28.73173885799987,-1.0931016206447874,-3.229574917669356,2,stop,0.5907302758877166,-3.808779370998252,2,"ema9,avwap",73.60824742268042,2.980681190947555,0
APARINDS,2026-06-09,2026-06-10,2026-06-30,13805.8995,13286.0,15810.1703603,5,3.7657778111451523,2599.4974999999977,9851.06189980328,3.789602374998741,14.27080053683323,13,ema9_close,24.272960266008027,-1.8390652488814623,3,"ema9,avwap,swing_high",91.34020618556701,4.559885419437046,2
NAM-INDIA,2026-06-09,2026-06-10,2026-06-11,1089.1443,1055.2,1054.57245,69,3.116602639338046,2342.1566999999923,-2555.5615741124966,-1.0911146867809933,-3.4005709126421495,1,stop_gap,0.2621966620951944,-4.705005571805302,3,"ema9,ema21,avwap",86.18556701030928,3.7236726053583906,0
GVT&D,2026-06-09,2026-06-10,2026-06-11,4968.483,4781.5,4779.10925,15,3.7633821027464553,2804.7450000000026,-3008.7522163124827,-1.0727364577929472,-4.037117186221606,1,stop,0.9161146370028804,-5.202453143142492,3,"ema9,ema21,avwap",90.30927835051547,5.14029590024879,0
SUZLON,2026-06-09,2026-06-10,2026-06-10,55.417694999999995,54.47,54.44276500000001,3043,1.7100945826057834,2883.8358849999877,-3351.1631767469526,-1.1620505848400478,-1.9872164098488483,0,stop_same_day,0.05829365512226379,-2.901049926381804,3,"ema9,ema21,avwap",92.78350515463917,3.5004634739253206,0
SAREGAMA,2026-06-15,2026-06-16,2026-06-17,470.0349,452.15,451.92392500000005,161,3.8050153297127545,2879.4689000000026,-3086.5676514487473,-1.0719225519153008,-4.078681742302536,1,stop,0.3223377668339134,-4.219878140963573,2,"ema9,avwap",94.22680412371133,5.135182331368006,0
CRAFTSMAN,2026-06-15,2026-06-16,2026-06-24,9438.21675,8990.0,9379.80775,6,4.748955887244268,2689.3004999999976,-480.2983690499979,-0.17859602117725348,-0.8481446262081198,6,ema9_close,5.295314392943993,-2.3862214226008276,3,"ema9,avwap,swing_high",84.12371134020619,3.590856518781982,0
CGPOWER,2026-06-15,2026-06-16,2026-06-24,944.0217749999999,916.55,916.091725,105,2.910078530762702,2884.536374999998,-3157.2639551249963,-1.0945481507838495,-3.1852210744820972,6,stop,2.741274161816875,-3.3920589384709814,2,"ema9,avwap",85.56701030927834,3.2604319100549914,0
NAM-INDIA,2026-06-15,2026-06-16,2026-06-25,1151.5755,1099.9,1138.4305000000002,55,4.487374036700141,2842.1524999999906,-867.817879499984,-0.3053382531373622,-1.3701669495399746,7,ema9_close,3.684039821965655,-1.5435809462775012,2,"avwap,gap_base",87.21649484536083,3.7908565680120483,0
PREMIERENE,2026-06-16,2026-06-17,2026-06-23,1069.5345,1020.1,1045.477,58,4.62205753998585,2867.2009999999973,-1536.4062670499918,-0.5358557935247628,-2.4767563108062305,4,ema9_close,1.6797494610973303,-2.6679363779288963,3,"ema9,ema21,avwap",90.30927835051547,3.3981067485093086,0
ADANIGREEN,2026-06-22,2026-06-23,2026-06-23,1555.7775,1490.5,1489.75475,44,4.195812061814746,2872.2099999999964,-3059.104931849989,-1.0650700790854404,-4.468833884504678,0,stop_same_day,0.07857807430690326,-4.420779963715886,3,"ema9,avwap,swing_high",99.17525773195877,3.492652005284016,0
TATATECH,2026-06-22,2026-06-23,2026-06-24,757.328475,743.2,742.8284000000001,1,1.8655676455318784,14.12847499999998,-16.225255406249925,-1.1484081195068787,-2.1424330316181397,1,stop,1.2902624584398463,-2.9285146052378366,2,"ema9,avwap",90.30927835051547,3.3045184439925874,0
ADANIPORTS,2026-06-22,2026-06-23,2026-06-23,1837.7183999999997,1808.1,1807.1959500000003,37,1.6116941529235296,1095.880799999994,-1284.421755592489,-1.17204513081395,-1.8889782842953364,0,stop_same_day,0.23298455301967122,-3.1897378836713965,3,"ema9,ema21,avwap",82.4742268041237,2.066352088206227,0
MINDACORP,2026-06-23,2026-06-24,2026-07-07,672.285975,652.25,685.906875,144,2.9802756185713983,2885.180400000001,1736.492864039999,0.6018663041104807,1.7937274717801444,8,ema9_close,6.152742514076692,-2.117547521350576,2,"ema9,avwap",84.3298969072165,3.674535865493872,0
LAURUSLABS,2026-06-23,2026-06-24,2026-07-07,1486.743,1435.0,1476.6613000000002,56,3.480292155402779,2897.6079999999965,-755.4184369199775,-0.2607041521558397,-0.9073266156289016,8,ema9_close,4.591042298500824,-3.2381521217856744,2,"avwap,swing_high",95.87628865979381,2.7511888994459497,0
HONASA,2026-06-23,2026-06-24,2026-06-24,429.264525,412.75,412.5436250000001,175,3.847167431317552,2890.0418749999985,-3095.5713901874865,-1.0711164488533538,-4.1207643171771355,0,stop_same_day,0.26451638415729445,-6.281563797986796,2,"ema9,avwap",94.63917525773195,3.7280232549964802,0
ZYDUSLIFE,2026-06-23,2026-06-24,2026-07-02,1125.06225,1087.3,1099.2501,76,3.3564587203952487,2869.9309999999996,-2156.1282993900027,-0.7512822780025036,-2.5216479534799108,5,ema9_close,0.30556087007630595,-2.6631637493836564,2,"ema9,avwap",77.11340206185568,2.3506330784254903,0
ADANIPORTS,2026-06-24,2026-06-25,2026-06-29,1818.9089999999999,1775.0,1774.1125000000002,4,2.41402950889791,175.6359999999995,-195.71389889999878,-1.1143153960463648,-2.6899902482751856,1,stop,0.686730342199649,-2.6614305608471795,3,"ema9,ema21,avwap",82.88659793814433,2.250700142950536,0
ZEEL,2026-06-24,2026-06-25,2026-06-25,116.15804999999999,111.92,111.86404,672,3.648520270441857,2847.9695999999913,-3061.7901911519893,-1.0750782561555428,-3.922444809894781,0,stop_same_day,0.7076134628637579,-5.3014405803127636,3,"ema9,avwap,swing_high",96.28865979381443,6.405629386394816,0
ADANIENT,2026-06-24,2026-06-25,2026-06-29,3087.5429999999997,2971.0,2969.5144999999998,24,3.7746194951778707,2797.031999999992,-2999.8587869999938,-1.0725150041186524,-4.048336043417039,1,stop,0.5654010324714615,-4.292830901464356,3,"ema9,avwap,swing_high",96.49484536082474,2.7492419447585124,0
SAREGAMA,2026-06-25,2026-06-29,2026-07-07,486.89332499999995,465.4,465.1673,131,4.41438070649253,2815.625574999996,-2989.537208156238,-1.0617666051553187,-4.687042016595711,6,stop,4.725198276234334,-6.324450021983765,3,"ema9,avwap,swing_high",89.69072164948454,4.388752925104527,0
WELCORP,2026-06-25,2026-06-29,2026-07-03,1465.7324999999998,1410.1,1409.3949499999999,50,3.7955425017866453,2781.624999999997,-2982.1973283749876,-1.0721061711679292,-4.069224539095624,4,stop,4.998695191653326,-3.904702938633065,3,"ema9,avwap,swing_high",98.96907216494846,3.1659349687153684,0
SAILIFE,2026-06-29,2026-06-30,2026-07-06,1260.6299999999999,1211.0,1231.9837,46,3.9369204286745427,2282.9799999999946,-1449.5890647299937,-0.6349547804755176,-2.499766446538625,4,ema9_close,0.0,-3.619618762047537,3,"ema9,avwap,swing_high",70.51546391752578,3.396265311579757,0
KEI,2026-06-30,2026-07-01,2026-07-01,5478.237749999999,5261.0,5258.369500000001,9,3.9654677272814483,1955.139749999994,-2089.9381350374883,-1.068945652113868,-4.238869485675366,0,stop_same_day,0.13256544041011506,-5.234123874963246,3,"ema9,ema21,avwap",80.20618556701031,3.461125398290671,0
CREDITACC,2026-06-30,2026-07-01,2026-07-14,1496.7479999999998,1432.1,1468.56535,3,4.319230758952069,193.94399999999973,-94.77828105749921,-0.48868890534122916,-2.110760151508453,9,ema9_close,7.439595710166316,-2.141175401604002,3,"ema9,avwap,swing_high",77.7319587628866,3.364771902547511,0
ADANIGREEN,2026-07-01,2026-07-02,2026-07-07,1546.773,1482.4,1518.2405,44,4.1617612927042185,2832.411999999992,-1410.519683099993,-0.49799241180308407,-2.0725255435024943,3,ema9_close,2.736471350353284,-2.3774012088393004,3,"ema9,ema21,avwap",98.96907216494846,3.2860576450381807,0
NAVINFLUOR,2026-07-02,2026-07-03,2026-07-03,7697.847,7502.0,7498.249000000001,3,2.5441789113241633,587.5409999999993,-651.2205311999944,-1.108383127645552,-2.8199249790233316,0,stop_same_day,0.18385660302160134,-2.5441789113241633,3,"ema9,avwap,swing_high",72.37113402061856,2.899504327874573,0
LLOYDSME,2026-07-02,2026-07-03,2026-07-03,1842.9209999999998,1776.0,1775.1119999999999,42,3.631246266117746,2810.6819999999925,-3022.7289938999884,-1.0754432532388924,-3.9051992977452494,0,stop_same_day,0.27559510147207494,-3.8917023572903986,3,"ema9,avwap,swing_high",87.01030927835052,3.0544415767650515,0
BOSCHLTD,2026-07-02,2026-07-03,2026-07-14,41695.837499999994,40510.0,41439.270000000004,2,2.8440189023664395,2371.6749999999884,-704.3457472499801,-0.2969824057891505,-0.8446235757346046,7,ema9_close,2.084530620112873,-0.9253621539560015,3,"ema9,avwap,swing_high",85.77319587628865,2.3758704196778555,0
DEEPAKFERT,2026-07-02,2026-07-03,2026-07-06,1678.4388,1601.6,1600.7992,1,4.577992358136621,76.83879999999999,-81.41072369999998,-1.059500196515302,-4.8503838030913,1,stop,0.09301500894760649,-5.197615784382478,2,"avwap,swing_high",98.35051546391752,3.5724764592294918,0
HUDCO,2026-07-03,2026-07-06,2026-07-08,217.09849499999999,208.01,207.39625,307,4.186346386233582,2790.1679649999983,-3128.4570847222426,-1.1212432813958728,-4.693912759160296,2,stop_gap,0.34615854891117914,-6.724364901746554,3,"ema9,ema21,avwap",76.70103092783506,2.7193421073448807,0
GMRAIRPORT,2026-07-03,2026-07-06,2026-07-08,113.926935,110.4,110.3448,728,3.0957867865048723,2567.608679999996,-2795.554576542002,-1.088777506602761,-3.3706230183845487,2,stop,1.503652318918256,-3.174784786407187,3,"ema9,avwap,swing_high",74.63917525773196,2.520660133263971,0
JINDALSAW,2026-07-06,2026-07-07,2026-07-08,261.7308,254.4,254.27280000000002,378,2.8008931314159367,2771.0423999999934,-3043.430764919982,-1.0982981584547349,-3.076215768262639,1,stop,0.6568581152848765,-5.016910504992154,3,"ema9,ema21,avwap",83.29896907216495,3.870938585216405,0
LALPATHLAB,2026-07-06,2026-07-07,2026-07-08,1696.6479,1635.7,1652.67325,45,3.592253878957437,2742.6554999999953,-2152.186619512494,-0.7847090600742593,-2.818874164904803,1,ema9_close,1.2584873974146353,-3.5804659293186205,3,"ema9,ema21,avwap",74.22680412371135,3.541134527233615,0
CAPLIPOINT,2026-07-06,2026-07-07,2026-07-08,2646.82275,2551.2,2549.9244,29,3.612737195945592,2773.05975,-2983.3636674524887,-1.0758382207424448,-3.8867207568961546,1,stop,0.12004015002516454,-5.486682098376249,2,"ema9,avwap",97.73195876288659,4.508962121460747,0
NEULANDLAB,2026-07-06,2026-07-07,2026-07-16,19109.55,18520.0,18741.6245,2,3.0851066613290175,1179.0999999999985,-822.9087013499951,-0.6979125615723825,-2.1531346927321553,7,ema9_close,5.125447747330526,-2.8862532084742867,2,"ema9,avwap",93.4020618556701,3.158022438802831,0
JINDALSAW,2026-07-07,2026-07-08,2026-07-08,262.53119999999996,256.7,256.57165,464,2.221145524798564,2705.6767999999847,-3042.22448075998,-1.1243857657943466,-2.4974244118413194,0,stop_same_day,0.3499774502992532,-5.306493094915943,2,"ema9,avwap",84.94845360824742,3.6862125402532344,0
IKS,2026-07-07,2026-07-08,2026-07-08,1899.7494,1832.0,1831.084,33,3.566228261474904,2235.7301999999972,-2407.543327529994,-1.0768487751921036,-3.8402885354247154,0,stop_same_day,0.4869379087578644,-4.729539590853396,1,avwap,89.27835051546393,2.9905134240055564,0
STARHEALTH,2026-07-07,2026-07-08,2026-07-08,593.6967,582.5,582.2087500000001,242,1.8859292968951933,2709.6013999999914,-3107.3383867349685,-1.1467880060642788,-2.1627610979646463,0,stop_same_day,0.893267555639106,-2.1385835562164934,2,"ema9,avwap",72.37113402061856,3.152631310862503,0
CARTRADE,2026-07-07,2026-07-08,2026-07-09,2811.2049,2726.2,2724.8369,31,3.023788838728915,2635.151900000011,-2874.7678901700106,-1.0909306177643872,-3.2987438258235935,1,stop,2.6606064894095702,-4.24034904037056,1,avwap,97.31958762886597,5.831746138274585,0
HONAUT,2026-07-08,2026-07-09,2026-07-10,38339.159999999996,37315.0,38155.9125,2,2.6713156991441553,2048.3199999999924,-542.4336667499954,-0.26481881090356846,-0.7074146469953899,1,ema9_close,0.8107637204362428,-1.067211696865545,1,ema21,90.30927835051547,2.718685504571506,0
AAVAS,2026-07-08,2026-07-09,2026-07-13,1515.7575,1472.6,1497.6508000000001,60,2.847256239866867,2589.4500000000016,-1294.3271726999874,-0.49984636610090427,-1.4231906848555782,2,ema9_close,1.2628999031837225,-1.6993153588222327,1,ema9,84.74226804123711,3.494726107791697,0
CPPLUS,2026-07-08,2026-07-09,2026-07-17,3613.8059999999996,3485.0,3612.5928,20,3.564275448100966,2576.1199999999917,-190.47117239999557,-0.07393722823470808,-0.2635326472976075,6,ema9_close,6.978625858720704,-2.272009067448551,1,ema9,99.38144329896907,4.275652304853958,0
RAINBOW,2026-07-08,2026-07-09,2026-07-23,1440.72,1405.5,1465.36695,74,2.4446110278194255,2606.280000000002,1576.5663005550105,0.6049105623935299,1.478771031671674,10,ema9_close,4.9267033150091635,-0.9731245488366915,3,"ema9,ema21,avwap",74.84536082474227,2.6626488677983344,0
NAM-INDIA,2026-07-09,2026-07-10,2026-07-14,1227.6135,1171.0,1192.10365,46,4.6116713444418735,2604.220999999997,-1761.4561372349988,-0.6763850446006698,-3.119265527993947,2,ema9_close,0.4224863933151618,-3.609727328674694,3,"ema9,ema21,avwap",92.98969072164948,2.9900070744346783,0
LAURUSLABS,2026-07-09,2026-07-10,2026-07-17,1525.3622999999998,1460.0,1529.0351,40,4.285034447226065,2614.491999999991,6.4097196000111865,0.0024516118618879723,0.01050524127941799,5,ema9_close,3.5229466468392587,-1.393918021967625,3,"ema9,ema21,avwap",91.34020618556701,3.1911460349516094,0
OFSS,2026-07-10,2026-07-13,2026-07-22,11690.842499999999,11249.0,11243.3755,5,3.779389723195731,2209.212499999994,-2369.206753499992,-1.0724213960857085,-4.053098403301545,7,stop,2.4648138061906195,-8.158885897231087,3,"avwap,swing_high,gap_base",98.35051546391752,3.2911312772057557,0
LLOYDSME,2026-07-13,2026-07-14,2026-08-11,1833.9164999999998,1776.1,2009.1290238636363,33,3.1526244515494524,1907.9444999999969,5636.169709869386,2.954053280831489,9.313020604329234,20,ema9_close,15.87223300515592,-1.898477929611289,3,"ema9,ema21,avwap",76.90721649484537,3.2290202622845356,2
IPCALAB,2026-07-13,2026-07-14,2026-07-21,1839.41925,1760.0,1798.1005,32,4.317626337769376,2541.4159999999974,-1456.0607267999972,-0.5729328558567345,-2.4737099882204623,5,ema9_close,5.734459395268374,-2.953065213381876,3,"ema9,avwap,swing_high",82.06185567010309,3.0405770528688167,0
ACUTAAS,2026-07-13,2026-07-14,2026-07-23,3511.7549999999997,3363.6,3457.37045,17,4.218830755562383,2518.6349999999957,-1060.7837525474915,-0.42117406950490777,-1.7768621178726736,7,ema9_close,5.360425200505176,-2.718156591220051,3,"ema9,ema21,avwap",96.08247422680412,4.432693951091617,0
RADICO,2026-07-15,2026-07-16,2026-07-23,4124.061,4052.1,4063.26735,9,1.7449062950329732,647.6489999999981,-631.8816984224966,-0.9756545573644033,-1.7024257789227564,5,ema9_close,1.6716290083973178,-1.740056706241731,2,"ema9,avwap",95.6701030927835,2.4868416889661127,0
SONACOMS,2026-07-16,2026-07-17,2026-08-14,691.195425,665.85,791.7720106128642,103,3.666897100772908,2610.5787749999977,10183.730825376662,3.9009475304481747,14.304373189667645,20,ema9_close,21.080083827233082,-1.5690822895709962,3,"ema9,avwap,swing_high",72.98969072164948,2.71610590681619,2
AAVAS,2026-07-16,2026-07-17,2026-07-17,1506.5529,1476.9,1476.1615500000003,41,1.9682614530163407,1215.7688999999925,-1386.6803363174859,-1.1405788849488536,-2.2449574533691883,0,stop_same_day,0.10932905177110853,-2.3598839443341095,3,"ema9,ema21,avwap",71.54639175257732,3.0033997375585804,0
FIVESTAR,2026-07-16,2026-07-17,2026-07-22,554.2769999999999,542.0,541.729,6,2.214957503197847,73.66199999999958,-82.8504413999991,-1.1247378757025275,-2.4912465969181206,3,stop,3.846993470773654,-2.34124814848893,2,"ema9,avwap",85.15463917525773,3.8644221220425856,0
MANAPPURAM,2026-07-20,2026-07-21,2026-08-04,339.76980000000003,324.15,356.42170000000004,167,4.597171378974839,2608.5066000000093,2647.1637224250053,1.0148196375753835,4.6652997926831725,10,ema9_close,12.296619652482349,-0.6533246921886584,3,"ema9,ema21,avwap",89.69072164948454,3.227236455415464,0
LALPATHLAB,2026-07-21,2026-07-22,2026-07-23,1713.75645,1683.0,1682.1585,68,1.794680335119969,2091.438600000006,-2414.2211490900027,-1.1543351782309057,-2.071662644508211,1,stop,0.07256281953015632,-2.6057640804211104,3,"ema9,ema21,avwap",82.4742268041237,2.970868966441984,0
INDUSINDBK,2026-07-21,2026-07-22,2026-07-23,1069.3344,1031.45,1030.934275,1,3.5428019523172467,37.884399999999914,-40.81543397624989,-1.0773678341546913,-3.816900866207044,1,stop,0.7963458390565149,-6.656888621557485,2,"avwap,swing_high",89.48453608247424,2.6012847859097676,0
MEDANTA,2026-07-22,2026-07-23,2026-08-12,1377.6885,1322.7,1392.8032500000002,47,3.9913594401056502,2584.4594999999968,560.6481709125082,0.21693053070187748,0.8658477215640673,14,ema9_close,8.224754725034003,-3.113076722350513,3,"ema9,ema21,avwap",90.51546391752578,2.3246269634452865,0
AEGISLOG,2026-07-22,2026-07-23,2026-07-24,1368.684,1321.3,1320.63935,16,3.4620116842163724,758.1440000000002,-818.1979496400007,-1.0792117983391025,-3.7362438555941364,1,stop,3.018666105543722,-5.135151722384407,1,ema9,99.58762886597938,7.534077052312696,0
RADICO,2026-07-22,2026-07-23,2026-07-23,4164.981449999999,4072.0,4069.9640000000004,28,2.2324577219905586,2603.4805999999808,-2925.6538434899676,-1.123747126631168,-2.5087179504124526,0,stop_same_day,0.23333957465766159,-2.7054490242687432,2,"ema9,avwap",91.95876288659794,2.3175719015122676,0
MANKIND,2026-07-22,2026-07-23,2026-07-24,2568.0834,2513.0,2511.7435,47,2.1449225519700796,2588.919799999999,-2922.5399439450057,-1.1288646113892777,-2.4213271630898014,1,stop,0.8573163940080734,-2.6005152324881493,3,"ema9,ema21,avwap",80.0,2.6477461072079067,0
CREDITACC,2026-07-23,2026-07-24,2026-07-24,1515.7575,1467.0,1466.2665000000002,52,3.216708477444442,2535.3899999999967,-2751.857035199992,-1.0853782002768788,-3.4913452580640274,0,stop_same_day,0.4118402844782271,-3.909431422902406,2,"ema9,ema21",86.18556701030928,3.2425548005069786,0
INDHOTEL,2026-07-23,2026-07-24,2026-07-24,726.5631,718.0,717.6410000000001,211,1.178576231025215,1806.8140999999923,-2232.9992248649705,-1.2358765768238027,-1.456574757925342,0,stop_same_day,0.28034729536912345,-1.8323391320038085,1,ema21,71.75257731958763,2.1709287983994874,0
SHYAMMETL,2026-07-24,2026-07-27,2026-07-28,1034.266875,1010.35,1026.4865,105,2.312447162150485,2511.2718750000004,-1065.7753450312516,-0.4243966396634182,-0.9813948050158732,1,ema9_close,1.0280832981332964,-1.80000688893764,2,"ema9,ema21",91.54639175257732,3.3804150350154814,0
NYKAA,2026-07-24,2026-07-27,2026-08-06,325.16249999999997,317.05,331.784025,86,2.4949063929573536,697.6749999999961,504.47913867750077,0.7230861628659527,1.8040322903932677,8,ema9_close,7.023411371237472,-0.4651520393649295,2,"ema9,ema21",90.72164948453609,2.426079343417639,0
LAURUSLABS,2026-07-24,2026-07-27,2026-08-14,1625.6123999999998,1554.9,1793.6098321714283,35,4.349893000324042,2474.9339999999884,5742.286431155097,2.3201776011623436,10.092524306804705,14,ema9_close,15.082783571286754,-0.523642659221832,3,"ema9,avwap,swing_high",97.9381443298969,2.866709497559184,1
AEGISVOPAK,2026-07-24,2026-07-27,2026-07-31,296.14799999999997,282.25,290.01492,181,4.692923808366077,2515.537999999994,-1232.0972917979875,-0.4897947444236543,-2.298569417318345,4,ema9_close,3.0126828477653156,-3.5853694774234555,2,"ema9,avwap",98.76288659793815,6.3767122801611835,0
RAINBOW,2026-07-30,2026-07-31,2026-07-31,1535.7675,1476.2,1475.4619,43,3.87867955273177,2561.4024999999947,-2742.046093830001,-1.0705252664624192,-4.152224461710515,0,stop_same_day,0.4058231470583974,-5.1288687903605155,4,"ema9,ema21,avwap,swing_high",85.36082474226804,2.62510748125501,0
ANANTRAJ,2026-07-30,2026-07-31,2026-08-06,616.20795,602.75,617.0913,176,2.18399486731711,2368.599199999997,-94.15016819998874,-0.03974930338572641,-0.0868122745738571,4,ema9_close,4.136923257806089,-1.2508683148278081,2,"ema9,avwap",89.27835051546393,3.877553918290739,0
WOCKPHARMA,2026-07-31,2026-08-03,2026-08-10,1967.9834999999998,1888.1,1930.2344,32,4.059154967508616,2556.271999999997,-1351.4256187199926,-0.5286705087408515,-2.145955521730735,5,ema9_close,5.066937807151319,-3.352848232721456,3,"ema9,ema21,swing_high",96.28865979381443,3.0829178513217057,0
ECLERX,2026-08-03,2026-08-04,2026-08-06,1945.9724999999999,1852.0,1851.074,27,4.829076464338518,2537.257499999996,-2680.157793824993,-1.0563207691079826,-5.10105376489132,2,stop,0.0,-6.920575701866284,2,"ema9,avwap",95.4639175257732,5.963869618387601,0
BLUEJET,2026-08-05,2026-08-06,2026-08-11,598.3490249999999,570.25,590.4046500000001,79,4.696092719462504,2219.8229749999896,-735.6038963737319,-0.3313795310068522,-1.5561890029401773,3,ema9_close,2.5154173185124034,-2.548516729011112,2,"ema9,ema21",87.62886597938144,4.126525717957483,0
PIDILITIND,2026-08-05,2026-08-06,2026-08-17,1665.8325,1613.9,1668.1655,50,3.1175103139121063,2596.6249999999945,-75.05488499999129,-0.028904784094735066,-0.09011096253673918,7,ema9_close,2.5013019016017495,-1.0644827736281997,3,"ema9,avwap,swing_high",82.68041237113401,2.0693598614883215,0
DIXON,2026-08-05,2026-08-06,2026-08-10,14402.197499999998,14023.0,14015.988500000001,6,2.632914178548089,2275.1849999999904,-2513.3394833999864,-1.1046747773917274,-2.9085138840791327,2,stop,0.2971942302554982,-2.7856686453577595,2,"ema9,avwap",92.78350515463917,3.09697818255625,0
HEXT,2026-08-07,2026-08-10,2026-08-11,566.833275,552.5,564.867425,128,2.5286580079477443,1834.6591999999946,-418.2151430399913,-0.2279524955043381,-0.5764139031887167,1,ema9_close,1.7936005962247066,-1.637743479332614,3,"ema9,ema21,ema150",83.29896907216495,4.309097853393676,0
EMCURE,2026-08-07,2026-08-10,2026-08-14,2001.0,1939.5,1938.53025,42,3.073463268365817,2583.0,-2814.008811075001,-1.0894343054878053,-3.348336321214394,4,stop,2.348825587206397,-3.798100949525235,3,"ema9,avwap,swing_high",88.65979381443299,3.029568243003485,0
HEXT,2026-08-10,2026-08-11,2026-08-12,573.1864499999999,557.55,557.271225,166,2.7279866786802045,2595.6506999999947,-2857.731720157498,-1.1009692945809326,-3.0034295692527255,1,stop,1.0840364422432032,-3.6090263473604267,3,"ema9,ema21,ema150",76.90721649484537,4.1634991007552955,0
SAREGAMA,2026-08-10,2026-08-11,2026-08-12,532.9163249999999,509.25,515.791975,109,4.440908242020906,2579.629424999991,-1998.0097354049963,-0.7745336272108166,-3.439632768802864,1,ema9_close,1.9484625470987478,-3.540203989810223,2,"ema9,ema21",99.38144329896907,4.712116535913173,0
MANAPPURAM,2026-08-10,2026-08-11,2026-08-11,372.08594999999997,363.9,363.71805,29,2.2000158834269317,237.39254999999974,-267.20816339999914,-1.1255962472284806,-2.4763296222284046,0,stop_same_day,0.2590933627029032,-4.040988379163459,2,"ema9,avwap",88.24742268041237,3.0011846256595263,0
UNITDSPR,2026-08-10,2026-08-11,2026-08-13,1534.46685,1503.0,1514.2425,3,2.0506699118328964,94.40055000000007,-71.19109725750033,-0.7541385856067606,-1.5464893068560008,2,ema9_close,0.9275632119390538,-1.3859439192185856,2,"ema9,avwap",87.01030927835052,2.1255605456665805,0
PVRINOX,2026-08-11,2026-08-12,2026-08-31,1177.28835,1130.1,1207.09615,3,4.008223643765788,141.56505000000038,81.19727347499968,0.57356864194234,2.2989913919559206,13,ema9_close,9.106660233238529,-1.8931937957255787,2,"ema9,avwap",71.34020618556701,3.473220794130339,0
THELEELA,2026-08-11,2026-08-12,2026-08-12,515.55765,500.5,500.24975,76,2.920653005536814,1144.3813999999975,-1252.1819667599987,-1.0941998592077793,-3.195778107453159,0,stop_same_day,1.5793287132874625,-4.103837854020785,2,"ema9,avwap",88.45360824742268,3.5146010669011183,0
INDIGO,2026-08-11,2026-08-12,2026-08-14,5332.665,5217.5,5307.345,22,2.1596143766765765,2533.629999999999,-826.2322529999936,-0.326106121651541,-0.7042634686409086,2,ema9_close,0.7001189836601469,-1.9627147026861798,2,"ema9,ema21",89.69072164948454,2.1363323344703833,0
ETERNAL,2026-08-11,2026-08-12,2026-09-03,319.109475,306.2,324.6376,198,4.045469035352205,2556.0760499999974,947.9875410225059,0.3708761095048431,1.5003678169537367,16,ema9_close,4.337234110644957,-2.0398877219173617,2,"ema9,avwap",91.95876288659794,3.2878760903796254,0
MINDACORP,2026-08-12,2026-08-13,2026-08-13,744.722175,719.3,718.94035,51,3.4136454980677913,1296.5309250000018,-1400.7168820912532,-1.08035747939545,-3.6879574458421436,0,stop_same_day,1.8769180600806001,-5.125693350006671,3,"ema9,avwap,swing_high",98.35051546391752,3.029046459558249,0
LODHA,2026-08-13,2026-08-14,2026-08-18,1245.32235,1200.4,1210.49445,56,3.6072869004559203,2515.65159999999,-2108.517001919998,-0.838159386585967,-3.0234813757257286,2,ema9_close,1.1786225470056024,-2.7480716137472427,2,"ema9,ema21",97.52577319587628,3.379781204289415,0
ANANTRAJ,2026-08-13,2026-08-14,2026-08-21,631.765725,606.05,624.6875,98,4.070452698268812,2520.141050000002,-835.2683284574998,-0.3314371346228812,-1.3490991789321902,5,ema9_close,2.7279534672445322,-2.0997854861467795,3,"ema9,ema21,avwap",90.9278350515464,3.4992319430725436,0
LAURUSLABS,2026-08-13,2026-08-14,2026-08-14,1852.62585,1820.6,1819.6897,37,1.728673385400511,1184.9564499999997,-1374.8945766524994,-1.1602912298190367,-2.0057645683017964,0,stop_same_day,0.0309911469712109,-4.044305546098251,2,"ema9,avwap",97.31958762886597,2.381903528590857,0
INDIGO,2026-08-13,2026-08-14,2026-08-17,5372.6849999999995,5281.5,5268.364500000001,27,1.6971960946900757,2461.9949999999862,-3147.0580869749856,-1.2782552714262228,-2.169449854681588,1,stop_gap,0.0,-2.0508367790034185,3,"ema9,ema21,avwap",89.27835051546393,2.121048092916433,0
THELEELA,2026-08-14,2026-08-17,2026-08-17,513.406575,504.6,504.3477,280,1.7153218187749062,2465.8409999999867,-2864.201876549986,-1.161551728821932,-1.9924350240839732,0,stop_same_day,1.2842502065736157,-2.9813749463570764,2,"ema9,avwap",88.04123711340206,3.517280327622258,0
BALRAMCHIN,2026-08-14,2026-08-17,2026-08-20,633.7167,616.25,703.2317082499998,2,2.7562316094873225,34.93339999999989,135.95503516102463,3.891835182404949,10.72679914865938,3,partials_exhausted,23.233299674760048,-0.47603290239943197,2,"ema9,ema21",76.28865979381443,3.977113823946785,2
SUMICHEM,2026-08-14,2026-08-17,2026-08-21,568.284,542.85,542.578575,97,4.475579111852519,2467.0979999999972,-2617.342945241253,-1.0608994637591436,-4.748139479775962,4,stop,0.6626968206037761,-6.543207269604636,2,"ema9,avwap",87.83505154639175,3.836819729284513,0
UNITDSPR,2026-08-14,2026-08-17,2026-08-18,1546.2727499999999,1510.1,1520.13955,62,2.3393511914376006,2242.710499999997,-1838.8935969899915,-0.8199424745146526,-1.9181334046661473,1,ema9_close,0.2410473831347133,-1.6991019210549894,2,"ema9,avwap",77.31958762886599,2.0941213416364235,0
MRPL,2026-08-17,2026-08-18,2026-08-20,177.858885,170.25,170.16487500000002,320,4.278046047573045,2434.8431999999957,-2590.155943679986,-1.0637875751834824,-4.55093223147101,2,stop,6.264019365689836,-4.789687622296739,3,"ema9,ema21,avwap",80.82474226804123,4.480396643765566,0
NEULANDLAB,2026-08-17,2026-08-18,2026-08-24,23854.9215,22971.0,22959.5145,2,3.7054051928026692,1767.8430000000008,-1898.4872027999984,-1.0739003422815248,-3.9792359048425254,4,stop,0.10932125683163377,-4.279710163791563,2,"avwap,swing_high",97.52577319587628,3.7446608980355727,0
SONACOMS,2026-08-17,2026-08-18,2026-08-25,814.70715,795.75,808.3956,128,2.3268667766080067,2426.5151999999944,-1046.7991248000014,-0.4314001926713683,-1.0038107757492998,5,ema9_close,3.5955066799156015,-1.5351712575494076,2,"ema9,avwap",96.90721649484536,3.1080500742320005,0
PAYTM,2026-08-19,2026-08-20,2026-09-01,1605.70245,1546.3,1632.68325,19,3.699468105065172,1128.6465500000008,441.8764724550006,0.3915100546357939,1.4483789599374426,8,ema9_close,7.8842471716973535,-1.158524108872107,2,"ema9,avwap",95.87628865979381,3.627225614695404,0
TORNTPHARM,2026-08-19,2026-08-20,2026-08-21,5047.02225,4945.5,4943.02725,23,2.0115276884305393,2335.0117499999997,-2656.1218092750096,-1.137519675982363,-2.288152324373058,1,stop,0.0,-3.259788482208492,3,"ema9,ema21,avwap",71.75257731958763,2.3899659919239133,0
COFORGE,2026-08-20,2026-08-21,2026-09-04,1890.945,1826.5,1972.7999999999997,37,3.408084317629542,2384.4649999999974,2864.2326502499945,1.2012055745209083,4.093809880773891,10,open_at_end,6.888354764416732,-2.1124358455692755,3,"avwap,swing_high,gap_base",94.63917525773195,2.8876726434344167,0
ABREL,2026-08-20,2026-08-21,2026-08-21,1460.73,1390.4,1389.7048000000002,34,4.814715929706375,2391.2199999999975,-2526.308800679994,-1.0564936729702816,-5.086716916884011,0,stop_same_day,0.2923195936278424,-5.081705722481226,4,"ema9,ema21,ema150,avwap",75.6701030927835,3.192445215758446,0
PERSISTENT,2026-08-20,2026-08-21,2026-08-26,5708.853,5534.0,5587.70475,13,3.0628394180056846,2273.089000000001,-1743.810788362508,-0.767154646545959,-2.3496714911471814,3,ema9_close,0.2828414043941905,-2.423481564510425,3,"ema9,avwap,swing_high",71.54639175257732,2.894631278633514,0
LAURUSLABS,2026-08-20,2026-08-21,2026-08-21,1832.916,1813.8,1812.8931,20,1.0429283175006376,382.3199999999997,-484.31160929999874,-1.2667702691462626,-1.3211505854605414,0,stop_same_day,0.19007963267275485,-2.325038354185352,2,"ema9,avwap",93.81443298969072,2.35346990092579,0
ACE,2026-08-21,2026-08-24,2026-08-27,1192.596,1145.1,1144.52745,49,3.982572472153193,2327.3040000000046,-2487.0558564074945,-1.0686424534171253,-4.255946017553295,3,stop,0.0,-5.399649168704244,3,"ema9,avwap,swing_high",93.4020618556701,3.6406805147073356,0
ENGINERSIN,2026-08-21,2026-08-24,2026-09-04,246.613245,236.2,279.1899903935683,227,4.2225002959593745,2363.806615000004,7257.660269740508,3.070327421746595,12.96445844701718,9,open_at_end,17.451112571021866,-1.2623997547252657,4,"ema9,ema21,ema50,avwap",72.57731958762886,3.237429028088387,1
JSWINFRA,2026-08-24,2026-08-25,2026-08-27,343.021425,334.15,337.781025,266,2.5862597358168062,2359.799050000012,-1602.2038694550154,-0.6789577567865397,-1.755961108697527,2,ema9_close,1.4513889329216028,-2.5425306888629535,3,"ema9,ema21,avwap",87.83505154639175,2.88769511387945,0
DIVISLAB,2026-08-25,2026-08-26,2026-09-04,8748.87225,8497.0,9100.0,9,2.8789110505071136,2266.850250000003,2975.413922212497,1.3125763037115012,3.7787904253888227,7,open_at_end,8.208232209585631,-0.5471819525082258,3,"ema9,avwap,swing_high",93.4020618556701,2.134155399442171,0
MEDANTA,2026-08-26,2026-08-27,2026-09-02,1476.7379999999998,1410.0,1444.17755,35,4.519285072910688,2335.829999999994,-1257.18260088749,-0.5382166514204771,-2.4323544787565377,4,ema9_close,4.554768686117658,-2.487780499993889,4,"ema9,ema21,avwap,swing_high",85.56701030927834,3.015956795514183,0
NAVINFLUOR,2026-08-26,2026-08-27,2026-09-04,8624.31,8230.0,8557.5,6,4.572075911000411,2365.859999999997,-519.4144890000006,-0.2195457419289397,-1.003779798036018,6,open_at_end,1.3414406485852197,-4.0444974728413,4,"ema9,avwap,swing_high,gap_base",82.68041237113401,3.092345248303419,0
OFSS,2026-08-28,2026-08-31,2026-09-04,12281.137499999999,11876.0,12051.971000000001,4,3.2988597351018907,1620.5499999999956,-1028.59829909999,-0.6347217297213865,-2.0938579571721068,4,ema9_close,2.1078055676845984,-2.6881671180702824,3,"ema9,avwap,swing_high",82.88659793814433,2.6538788092863874,0
CUB,2026-08-31,2026-09-01,2026-09-04,230.55522,220.0,236.01,229,4.578174374017639,2417.145379999998,1126.2746693130064,0.4659523910444341,2.1332112961918748,3,open_at_end,5.354370202505066,-2.2620264247324298,4,"ema9,ema21,avwap,swing_high",85.15463917525773,3.285647566766424,0
ANTHEM,2026-09-01,2026-09-02,2026-09-04,939.4694999999999,893.2,934.05,52,4.925066753098411,2406.0139999999938,-393.85046609999847,-0.16369417056592334,-0.8062047171302497,2,open_at_end,3.622310250625489,-2.535420255793291,2,"ema9,avwap",86.80412371134021,3.033864106297078,0
